order_id,customer_state,order_item_count,product_count,seller_count,total_order_value,freight_value,late_probability,risk_score,risk_band,impact_score,priority_score,intervention_tier,recommended_action,is_late,candidate_id
012f2c4ca09b101a73e18957c3294cd6,SP,1.0,1.0,1.0,1901.62,81.62,0.4946660801691329,49.46660801691329,Medium,1901.62,94066.69113712265,High Priority,Prioritize fulfillment monitoring,0,457
01a0013ddc7cd129e350e8671b56a263,GO,3.0,1.0,1.0,1810.5,73.5,0.5021203374208287,50.21203374208287,High,1810.5,90908.88709004104,High Priority,Prioritize fulfillment monitoring,0,615
02014f2495eef0e869616829d481d743,MG,1.0,1.0,1.0,1342.63,102.63,0.4982827419874381,49.82827419874381,Medium,1342.63,66900.93578745941,High Priority,Prioritize fulfillment monitoring,0,760
02058d1c3b825765a4ec45968b8a1c97,MG,1.0,1.0,1.0,1826.34,27.34,0.4970507330952866,49.705073309528665,Medium,1826.34,90778.36358812457,High Priority,Prioritize fulfillment monitoring,0,767
028558cddca332b40b4ac4cb77407edf,TO,1.0,1.0,1.0,2784.16,134.17,0.5138157459563563,51.38157459563563,High,2784.16,143054.52472618487,High Priority,Prioritize fulfillment monitoring,0,955
029c545413b10a6bd7540401f6eef0a3,DF,1.0,1.0,1.0,1644.76,294.76,0.4984101498593932,49.84101498593933,Medium,1644.76,81976.50780827357,High Priority,Prioritize fulfillment monitoring,0,992
033cec9a46b0dd28fc10c800f9f3d878,RJ,1.0,1.0,1.0,1226.84,26.94,0.5206262058748118,52.06262058748118,High,1226.84,63872.50544154541,High Priority,Prioritize fulfillment monitoring,0,1235
03b31f549c27d03bed25fc42ddb46138,MG,1.0,1.0,1.0,2045.47,46.47,0.4948192319560828,49.48192319560828,Medium,2045.47,101213.78943892087,High Priority,Prioritize fulfillment monitoring,0,1419
03caa2c082116e1d31e67e9ae3700499,RJ,8.0,1.0,1.0,13664.08,224.08,0.5162426367174662,51.62426367174662,High,13664.08,705398.0687518396,High Priority,Prioritize fulfillment monitoring,0,1455
059fd94aa8716f14743caff2f433be05,SE,1.0,1.0,1.0,1368.87,53.88,0.5204040249248612,52.04040249248612,High,1368.87,71236.54575988947,High Priority,Prioritize fulfillment monitoring,0,2194
05c32785b5245ab31eb5bc6b0d41f698,MG,1.0,1.0,1.0,2115.05,125.05,0.4987047118506522,49.87047118506523,Medium,2115.05,105478.54007997221,High Priority,Prioritize fulfillment monitoring,0,2247
062bddc5be851fec2b59598cc33498cd,RJ,1.0,1.0,1.0,1549.41,28.53,0.5212617262080044,52.12617262080044,High,1549.41,80764.8131203944,High Priority,Prioritize fulfillment monitoring,0,2395
06375e8bcbe64fb1da3b499fa42a7991,PR,1.0,1.0,1.0,1981.22,82.17,0.494663675139853,49.4663675139853,Medium,1981.22,98003.75664605795,High Priority,Prioritize fulfillment monitoring,0,2411
0651c427722f910d3a2238dca1975fcc,MG,1.0,1.0,1.0,1400.03,24.38,0.498725371398337,49.8725371398337,Medium,1400.03,69823.04817188138,High Priority,Prioritize fulfillment monitoring,0,2453
076d1555fb53a89b0ef4d529e527a0f6,PR,1.0,1.0,1.0,2713.36,375.28,0.4930067595602855,49.30067595602856,Medium,2713.36,133770.48211204968,High Priority,Prioritize fulfillment monitoring,0,2893
078f6a01964ee122ef20881df839af31,PR,1.0,1.0,1.0,2419.2,69.2,0.4957914544474134,49.57914544474134,Medium,2419.2,119941.86865991825,High Priority,Prioritize fulfillment monitoring,0,2946
0812eb902a67711a1cb742b3cdaa65ae,MS,1.0,1.0,1.0,6929.31,194.31,0.5142296582296579,51.42296582296579,High,6929.31,356325.67130673514,High Priority,Prioritize fulfillment monitoring,0,3130
0818699476819463109688475b808343,SP,3.0,1.0,1.0,2607.09,60.09,0.4913597312783216,49.135973127832166,Medium,2607.09,128101.90418183997,High Priority,Prioritize fulfillment monitoring,0,3138
086f8f18f98299e22931d762c63db2b8,RS,1.0,1.0,1.0,2150.22,121.22,0.5053890595577741,50.538905955777416,High,2150.22,108669.7663642317,High Priority,Prioritize fulfillment monitoring,0,3265
087692f9f84c65ed1560e4a3b97d5c21,RJ,1.0,1.0,1.0,1697.45,25.45,0.5222930835851332,52.22930835851332,High,1697.45,88656.63947315844,High Priority,Prioritize fulfillment monitoring,0,3279
08b986f813ffdc9e5872992aaabf796f,PE,1.0,1.0,1.0,1944.86,45.74,0.5125041853607364,51.25041853607364,High,1944.86,99674.88899406817,High Priority,Prioritize fulfillment monitoring,0,3385
0905da36ee109b78ec1a3c9e089148a0,RO,1.0,1.0,1.0,2114.63,115.63,0.4943710471059584,49.43710471059584,Medium,2114.63,104541.18473416728,High Priority,Prioritize fulfillment monitoring,0,3529
095f058cc1daeb1e7ba1c133473090a3,RJ,2.0,2.0,2.0,1506.05,47.06,0.4748104012920357,47.48104012920357,Medium,1506.05,71508.82048658704,High Priority,Prioritize fulfillment monitoring,0,3657
0af28d87520565eb3b57c9b2abe1a2cc,PR,1.0,1.0,1.0,3126.5,126.51,0.4960211717161072,49.60211717161073,Medium,3126.5,155081.01933704095,High Priority,Prioritize fulfillment monitoring,0,4259
0affd51e37e6621004e4fe4fd7c64f4b,ES,1.0,1.0,1.0,1353.28,27.38,0.5155303958673607,51.55303958673607,High,1353.28,69765.69741193819,High Priority,Prioritize fulfillment monitoring,0,4274
0b055b1ac16d0401f76e361ff96926eb,MT,1.0,1.0,1.0,2124.78,234.78,0.5005137725367327,50.05137725367327,High,2124.78,106348.1653610599,High Priority,Prioritize fulfillment monitoring,0,4281
0b93ff37e8344c6013bad16484c7fbe4,SC,1.0,1.0,1.0,1221.28,222.38,0.5107731412481364,51.07731412481365,High,1221.28,62379.70219435241,High Priority,Prioritize fulfillment monitoring,0,4495
0ccc4d2c7102c48188f50be5107fe442,RJ,1.0,1.0,1.0,1738.17,68.17,0.5253564301443157,52.53564301443157,High,1738.17,91315.87861839453,High Priority,Prioritize fulfillment monitoring,0,4983
0d91fd5b8475f8f0576a6e8f90c6497d,GO,3.0,1.0,1.0,2036.04,176.07,0.5024496632698621,50.24496632698621,High,2036.04,102300.761240397,High Priority,Prioritize fulfillment monitoring,0,5268
0eeae75286b79b40f203057933fbb70b,RN,2.0,2.0,1.0,1784.2,57.2,0.4917276522186076,49.172765221860764,Medium,1784.2,87734.04770884398,High Priority,Prioritize fulfillment monitoring,0,5799
0f924038b00d1f102e4d09bea4fa666a,BA,1.0,1.0,1.0,2759.95,70.95,0.5343426474860916,53.43426474860916,High,2759.95,147475.89899292385,High Priority,Prioritize fulfillment monitoring,0,6034
10247742e08ee32225ec4da5725ead48,RS,1.0,1.0,1.0,1817.54,129.54,0.5041582824467881,50.415828244678806,High,1817.54,91632.78446783351,High Priority,Prioritize fulfillment monitoring,0,6257
10aa3224bbb698312ca210f229f91b5e,RJ,1.0,1.0,1.0,1423.54,24.54,0.5212617262080044,52.12617262080044,High,1423.54,74203.69177261426,High Priority,Prioritize fulfillment monitoring,0,6479
10fe810a22f64e933bcaa6fe6fccda13,RJ,1.0,1.0,1.0,1474.42,74.43,0.5212617262080044,52.12617262080044,High,1474.42,76855.87143556059,High Priority,Prioritize fulfillment monitoring,0,6588
11dd4e8d5273dee8fbe9260bd8e0e5fe,RJ,1.0,1.0,1.0,1184.55,25.55,0.5198147294891203,51.98147294891204,High,1184.55,61574.65378163376,High Priority,Prioritize fulfillment monitoring,0,6939
122f75d9c2b30dfb21ca6950ec587b90,SP,2.0,1.0,1.0,2638.64,118.64,0.4946886308671161,49.468863086711615,Medium,2638.64,130530.52089512073,High Priority,Prioritize fulfillment monitoring,0,7048
1446ae966d68c3abad1ca3a3ce58033e,PR,6.0,1.0,1.0,1404.24,348.84,0.4920756171914184,49.20756171914184,Medium,1404.24,69099.22646848774,High Priority,Prioritize fulfillment monitoring,0,7810
14861b02076ed7da9471988265a0104b,SP,1.0,1.0,1.0,2267.18,67.19,0.4976382899992644,49.76382899992644,Medium,2267.18,112823.55783205322,High Priority,Prioritize fulfillment monitoring,0,7903
155581701d726e5261052c3e6fa83dfe,PI,1.0,1.0,1.0,1168.71,69.71,0.5198375163730939,51.9837516373094,High,1168.71,60753.930376039876,High Priority,Prioritize fulfillment monitoring,0,8219
166848a10d57ced4d9e4b34c593b5627,SP,1.0,1.0,1.0,1787.72,87.73,0.4976961792267761,49.76961792267761,Medium,1787.72,88974.14135272922,High Priority,Prioritize fulfillment monitoring,0,8608
1759a74e11bef0a81720d730ffafdfaf,RJ,1.0,1.0,1.0,1416.7,116.7,0.5242735249729593,52.42735249729593,High,1416.7,74273.83028291914,High Priority,Prioritize fulfillment monitoring,0,8945
17784b9fbb37fb0bdc230d8ed6f6b355,BA,6.0,1.0,1.0,1342.98,502.98,0.5174252099384723,51.74252099384723,High,1342.98,69489.17084431695,High Priority,Prioritize fulfillment monitoring,0,8998
17a99f37c9e5cdf9e15df2b7d7e4df3a,SP,1.0,1.0,1.0,1755.21,67.21,0.4971123277840637,49.71123277840637,Medium,1755.21,87253.65288498664,High Priority,Prioritize fulfillment monitoring,0,9072
188f31b5ce7e58114dc03f7d6289f9a4,PB,2.0,1.0,1.0,1635.54,155.54,0.509760995695955,50.97609956959551,High,1635.54,83373.44989005625,High Priority,Prioritize fulfillment monitoring,0,9459
192e8093aeeb86d202c1035db3a5bd48,RJ,1.0,1.0,1.0,1570.79,120.79,0.5198147294891203,51.98147294891204,High,1570.79,81651.97789342154,High Priority,Prioritize fulfillment monitoring,0,9721
193d998b23a996345ca322516b2d5af3,MG,1.0,1.0,1.0,1978.18,79.18,0.4984373892858833,49.84373892858833,Medium,1978.18,98599.88747375486,High Priority,Prioritize fulfillment monitoring,0,9737
198cbd4bd806061597b3f8fbdf126ad6,CE,5.0,1.0,1.0,1756.1,106.1,0.515571118233492,51.5571118233492,High,1756.1,90539.44407298353,High Priority,Prioritize fulfillment monitoring,0,9847
1995226c73acf6318abfc4b4c9c74066,RS,1.0,1.0,1.0,1476.07,27.07,0.5046794831983544,50.46794831983544,High,1476.07,74494.2244764595,High Priority,Prioritize fulfillment monitoring,0,9859
199af31afc78c699f0dbf71fb178d4d4,SP,1.0,1.0,1.0,4764.34,74.34,0.4976961792267761,49.76961792267761,Medium,4764.34,237119.38145372985,High Priority,Prioritize fulfillment monitoring,0,9868
19dec7b3d6fb0a5d9407f7274da21398,MG,1.0,1.0,1.0,1488.14,38.34,0.4974757201269982,49.74757201269983,Medium,1488.14,74031.35181497912,High Priority,Prioritize fulfillment monitoring,0,9962
19f05b5a76e0e3f1df1ebaeef9bd2f8d,SP,5.0,1.0,1.0,1951.95,56.95,0.4944010243709105,49.44010243709105,Medium,1951.95,96504.60795207988,High Priority,Prioritize fulfillment monitoring,0,9988
1a102760523f4d9dfac2d4fab47dbeea,PA,1.0,1.0,1.0,1481.03,101.03,0.5122571643563197,51.22571643563197,High,1481.03,75866.82281266402,High Priority,Prioritize fulfillment monitoring,0,10050
1a878941e5a0c2afd1b0a14fb61f89b8,BA,1.0,1.0,1.0,1693.31,34.48,0.522659527330152,52.2659527330152,High,1693.31,88502.46042234196,High Priority,Prioritize fulfillment monitoring,0,10250
1adbc05f8bb9f7f40e1566992a9b5e8d,RJ,1.0,1.0,1.0,1521.75,21.76,0.5212617262080044,52.12617262080044,High,1521.75,79323.00318570307,High Priority,Prioritize fulfillment monitoring,0,10374
1b15974a0141d54e36626dca3fdc731a,SP,20.0,1.0,1.0,2202.4,202.4,0.4932127922286685,49.32127922286685,Medium,2202.4,108625.18536044196,High Priority,Prioritize fulfillment monitoring,0,10459
1b46c5cd349b4c1e7bda383bb8d64731,RJ,1.0,1.0,1.0,1253.86,53.87,0.5189703014812308,51.89703014812308,High,1253.86,65071.610221525596,High Priority,Prioritize fulfillment monitoring,0,10533
1c49e3fd28c9c369b12fd84446e475ab,SP,4.0,1.0,1.0,1682.92,142.92,0.4932127922286685,49.32127922286685,Medium,1682.92,83003.76722974709,High Priority,Prioritize fulfillment monitoring,0,10913
1c9fd2a0749771fdb8c1cad52a3c27a6,SC,1.0,1.0,1.0,1683.14,84.14,0.5109075046151449,51.09075046151449,High,1683.14,85992.8857317935,High Priority,Prioritize fulfillment monitoring,0,11037
1d1cd1be4eb8ccedea997348b859065d,MG,1.0,1.0,1.0,1427.04,27.05,0.489850738589564,48.985073858956405,Medium,1427.04,69903.65979968515,High Priority,Prioritize fulfillment monitoring,0,11219
1d54db601b417ccdfd3b7071955e6cc7,SC,1.0,1.0,1.0,3209.72,104.72,0.5111951111113505,51.119511111135054,High,3209.72,164079.3172036324,High Priority,Prioritize fulfillment monitoring,0,11302
1df5ad6aeceb5bb17ae3e7a095592d23,RJ,1.0,1.0,1.0,1372.22,77.22,0.5198147294891203,51.98147294891204,High,1372.22,71330.01680995608,High Priority,Prioritize fulfillment monitoring,0,11549
1fd38186652acff41fc3e9e65013618a,RJ,1.0,1.0,1.0,1275.39,89.39,0.5184297151781609,51.842971517816096,High,1275.39,66120.00744410748,High Priority,Prioritize fulfillment monitoring,0,12253
1fe148272b3216d1704900d718e701bd,PR,1.0,1.0,1.0,2389.78,89.83,0.4905762915135024,49.05762915135025,Medium,2389.78,117236.94099331381,High Priority,Prioritize fulfillment monitoring,0,12269
201f31fb8c21cbe559ac45d1de5f4392,PA,1.0,1.0,1.0,1626.83,35.63,0.5123915277233282,51.239152772332815,High,1626.83,83357.39090461419,High Priority,Prioritize fulfillment monitoring,0,12369
203a9f020a3ddd0f46400de701b212df,CE,1.0,1.0,1.0,1463.37,63.47,0.519942384001731,51.994238400173096,High,1463.37,76086.8086476613,High Priority,Prioritize fulfillment monitoring,0,12402
20643f3f5e6c738074425d5ea256551a,RS,1.0,1.0,1.0,1251.44,26.45,0.5046794831983544,50.46794831983544,High,1251.44,63157.60924537487,High Priority,Prioritize fulfillment monitoring,0,12468
207258d556f9b9784b54de837ae49286,SP,1.0,1.0,1.0,1435.97,66.07,0.497274209363562,49.7274209363562,Medium,1435.97,71407.08464197941,High Priority,Prioritize fulfillment monitoring,0,12494
20c950b58c4d3cf3df11b319f493242c,PA,1.0,1.0,1.0,1564.07,64.17,0.5119116686326024,51.19116686326024,High,1564.07,80066.56835581944,High Priority,Prioritize fulfillment monitoring,0,12610
214e5fdd8fd6a78e1f37c7803bdc1939,RJ,1.0,1.0,1.0,1878.39,28.39,0.5216542195758846,52.165421957588464,High,1878.39,97987.0069509146,High Priority,Prioritize fulfillment monitoring,0,12808
236ac812debfa147da2a0e46eb8498f3,RJ,1.0,1.0,1.0,1411.62,52.62,0.5212617262080044,52.12617262080044,High,1411.62,73582.34779497431,High Priority,Prioritize fulfillment monitoring,0,13617
23aee6ac2f5a0a3056aa62c615974c0c,AL,1.0,1.0,1.0,1518.55,42.25,0.5311568962857756,53.11568962857756,High,1518.55,80658.83048547646,High Priority,Prioritize fulfillment monitoring,1,13708
24014414a15d7274cad8a2917fe1f040,RJ,2.0,2.0,1.0,1348.67,40.67,0.5054557914421456,50.54557914421456,High,1348.67,68169.30622442786,High Priority,Prioritize fulfillment monitoring,0,13824
242800e82e3e3f0aca252d6e03e4564c,SP,1.0,1.0,1.0,2681.29,32.29,0.4950034035964348,49.50034035964349,Medium,2681.29,132724.76760290848,High Priority,Prioritize fulfillment monitoring,1,13879
24536ae68dcaea969641d76fc4cc5e4a,SP,3.0,1.0,1.0,2065.77,88.77,0.4932127922286685,49.32127922286685,Medium,2065.77,101886.41898022166,High Priority,Prioritize fulfillment monitoring,0,13951
2455cbeb73fd04b170ca2504662f95ce,PR,6.0,6.0,1.0,1421.69,1002.29,0.4783551172303034,47.835511723030336,Medium,1421.69,68007.268661515,High Priority,Prioritize fulfillment monitoring,0,13955
249cdd4e1dc4aa2c19a568ce182a7254,PR,1.0,1.0,1.0,1272.76,77.76,0.4953694845841992,49.53694845841992,Medium,1272.76,63048.64651993854,High Priority,Prioritize fulfillment monitoring,0,14081
24ae0d766df69840feedaece7acfc653,DF,1.0,1.0,1.0,1355.73,45.74,0.4999202129305231,49.99202129305231,Medium,1355.73,67775.68302762981,High Priority,Prioritize fulfillment monitoring,0,14105
25eac842862525f18a083c6edf1929a3,PR,1.0,1.0,1.0,1783.7,84.71,0.4957914544474134,49.57914544474134,Medium,1783.7,88434.32172978514,High Priority,Prioritize fulfillment monitoring,0,14543
2626e09d49a63af0b7c21ef2635a3e4e,RJ,1.0,1.0,1.0,1485.31,135.31,0.5228754615875433,52.28754615875432,High,1485.31,77663.21518505937,High Priority,Prioritize fulfillment monitoring,0,14639
264e91053cd726b067922356be6fd618,RJ,1.0,1.0,1.0,1327.54,27.64,0.5198147294891203,51.98147294891204,High,1327.54,69007.48459859869,High Priority,Prioritize fulfillment monitoring,0,14700
2740f9d58dd09ee632344af519b499ac,RJ,1.0,1.0,1.0,1426.81,126.82,0.52154933270421,52.154933270421,High,1426.81,74415.18033956939,High Priority,Prioritize fulfillment monitoring,0,15026
27db1a079a22bec1453d0f24f630005f,RJ,1.0,1.0,1.0,2429.68,29.68,0.5216836960712185,52.168369607121846,High,2429.68,126752.4442670318,High Priority,Prioritize fulfillment monitoring,1,15270
2866ad7dcb3cfdab34405a82b8a77215,MS,1.0,1.0,1.0,1220.72,60.72,0.5138171729527371,51.38171729527371,High,1220.72,62722.689936686525,High Priority,Prioritize fulfillment monitoring,0,15467
289a45b09606de7a3d7003baa2b650d0,MG,1.0,1.0,1.0,1370.26,110.26,0.4961323199984502,49.61323199984502,Medium,1370.26,67983.02728010764,High Priority,Prioritize fulfillment monitoring,0,15537
28e418b320f6b759b6aea79734f165e5,GO,2.0,1.0,1.0,1770.72,70.72,0.5019622627670302,50.196226276703015,High,1770.72,88883.46179268356,High Priority,Prioritize fulfillment monitoring,0,15647
2904c252504167d25044631cfa95a558,RJ,1.0,1.0,1.0,1234.62,34.72,0.5234874635622179,52.34874635622179,High,1234.62,64630.80922631854,High Priority,Prioritize fulfillment monitoring,0,15709
29fc23bcd9e04ac6a5919350404eb36c,PR,1.0,1.0,1.0,1246.9,60.9,0.4953694845841992,49.53694845841992,Medium,1246.9,61767.62103280381,High Priority,Prioritize fulfillment monitoring,1,16061
2a2bc83b78d61f7b6c3a3e00c9b94956,MG,1.0,1.0,1.0,1725.64,25.65,0.4834906728533072,48.34906728533072,Medium,1725.64,83433.08447025811,High Priority,Prioritize fulfillment monitoring,0,16120
2be6e5724bc6705448e72ac1b13141c4,PR,1.0,1.0,1.0,1996.32,97.32,0.4992782567324633,49.92782567324633,Medium,1996.32,99671.91694801512,High Priority,Prioritize fulfillment monitoring,1,16764
2cc9089445046817a7539d90805e6e5a,MG,6.0,1.0,1.0,6081.54,146.94,0.4902532773567341,49.02532773567341,Medium,6081.54,298149.4916376073,High Priority,Prioritize fulfillment monitoring,0,17114
2cc93fd6f68e6cfcb968814de8a14296,SP,1.0,1.0,1.0,2023.58,34.58,0.4976382899992644,49.76382899992644,Medium,2023.58,100701.08908767113,High Priority,Prioritize fulfillment monitoring,0,17116
2cd4d457a1de3adcdb9d8237cb975c6d,MS,1.0,1.0,1.0,1605.14,115.14,0.5145267493121567,51.45267493121567,High,1605.14,82588.74663909152,High Priority,Prioritize fulfillment monitoring,0,17133
2ce3c61f3add382691fcad6a04f52680,BA,2.0,2.0,2.0,1501.45,371.46,0.4743417195122654,47.43417195122655,Medium,1501.45,71220.0374761691,High Priority,Prioritize fulfillment monitoring,0,17150
2d090553a9ceba4ebc21832844dc9ce5,PR,1.0,1.0,1.0,1422.05,32.05,0.4953694845841992,49.53694845841992,Medium,1422.05,70444.01755529604,High Priority,Prioritize fulfillment monitoring,0,17197
2d57b1f21a3ec32c23b4d6e95870e4a7,SC,1.0,1.0,1.0,2032.04,33.04,0.5110231169853253,51.10231169853253,High,2032.04,103841.94146388605,High Priority,Prioritize fulfillment monitoring,1,17316
2e7a373242af9032c112f07cf0235ee8,PR,1.0,1.0,1.0,2048.12,49.12,0.4957335652199017,49.57335652199017,Medium,2048.12,101532.1829598185,High Priority,Prioritize fulfillment monitoring,0,17781
2ec398158cb686267b1f4b102129098e,SP,1.0,1.0,1.0,2818.74,69.74,0.5004205758877347,50.04205758877347,High,2818.74,141055.5494077793,High Priority,Prioritize fulfillment monitoring,0,17897
2f09f8c80542f3260ec457517de0a463,PB,4.0,1.0,1.0,1442.84,159.2,0.5078310378487798,50.78310378487798,High,1442.84,73271.89346497334,High Priority,Prioritize fulfillment monitoring,1,18007
2f7ee291b72997159cb01045ac80be1c,RS,1.0,1.0,1.0,1289.5,39.5,0.503736312583574,50.3736312583574,High,1289.5,64956.79750765186,High Priority,Prioritize fulfillment monitoring,0,18202
306853b36db7e021935becc988e4fef8,AL,1.0,1.0,1.0,1942.0,144.0,0.5302289965948468,53.02289965948468,High,1942.0,102970.47113871925,High Priority,Prioritize fulfillment monitoring,0,18552
309f6784abccce4e6e99672dca8ff4cd,SP,5.0,1.0,1.0,1702.35,52.35,0.4944010243709105,49.44010243709105,Medium,1702.35,84164.35838378195,High Priority,Prioritize fulfillment monitoring,1,18619
30cb9807736cf9827533cf34b10969d8,BA,2.0,1.0,1.0,1698.56,80.36,0.5210259935578958,52.10259935578958,High,1698.56,88499.39116176995,High Priority,Prioritize fulfillment monitoring,0,18680
30f610db02d0880c9687dd1edd8b8710,CE,1.0,1.0,1.0,1925.77,35.77,0.5183156055579449,51.83156055579449,High,1925.77,99815.66437153236,High Priority,Prioritize fulfillment monitoring,0,18749
31602bd34088eca0a7371827ab479b92,RJ,1.0,1.0,1.0,1173.84,75.84,0.5212617262080044,52.12617262080044,High,1173.84,61187.786469200386,High Priority,Prioritize fulfillment monitoring,0,18915
3165f39a78f513c0877dc0d1ad69683a,SC,1.0,1.0,1.0,1322.97,23.97,0.5104855347519308,51.04855347519308,High,1322.97,67535.70479107619,High Priority,Prioritize fulfillment monitoring,0,18927
31e50461be6957a749166e97af082d0a,MG,1.0,1.0,1.0,3155.82,55.92,0.4936660642960548,49.36660642960548,Medium,3155.82,155792.1239026776,High Priority,Prioritize fulfillment monitoring,0,19134
3386674e0363653ac5f71597d88d80fe,GO,3.0,2.0,2.0,1861.25,101.25,0.4571378214113994,45.71378214113994,Medium,1861.25,85084.7770101967,High Priority,Prioritize fulfillment monitoring,0,19772
33ec97b423d769023dbd71f138aca94a,GO,4.0,1.0,1.0,1381.88,21.88,0.5016983675576147,50.169836755761466,High,1381.88,69328.69401605165,High Priority,Prioritize fulfillment monitoring,0,19932
35990049382e07dba1a9ef3550cad655,RJ,6.0,1.0,1.0,1308.18,348.18,0.5313592521406169,53.135925214061686,High,1308.18,69511.35464653122,High Priority,Prioritize fulfillment monitoring,0,20584
360787554f41824600bdcba9687cd4f0,SP,2.0,1.0,1.0,1783.44,47.9,0.4943431351433989,49.43431351433989,Medium,1783.44,88163.13209401433,High Priority,Prioritize fulfillment monitoring,0,20742
362aa88dd1265e7b4ea491b5836fb5f6,PR,1.0,1.0,1.0,2827.0,28.0,0.4957914544474134,49.57914544474134,Medium,2827.0,140160.24417228377,High Priority,Prioritize fulfillment monitoring,0,20802
3645d00093a926152b82312c5db8984f,RJ,2.0,1.0,1.0,1617.84,27.88,0.4922146430445489,49.22146430445489,Medium,1617.84,79632.45381031929,High Priority,Prioritize fulfillment monitoring,0,20852
372f8e1a08cbd807194b89b3c31a448a,SP,1.0,1.0,1.0,2328.4,28.4,0.4976961792267761,49.76961792267761,Medium,2328.4,115883.57837116256,High Priority,Prioritize fulfillment monitoring,0,21193
3745e06e7f01e1652cfd4b9d31651820,SP,1.0,1.0,1.0,2734.66,34.66,0.4976961792267761,49.76961792267761,Medium,2734.66,136102.98334842955,High Priority,Prioritize fulfillment monitoring,0,21235
39a6ecead949b006d60a132d146ea284,SC,1.0,1.0,1.0,2647.76,177.26,0.5111951111113505,51.119511111135054,High,2647.76,135352.19673961896,,Routine monitoring,0,22182
3a213fcdfe7d98be74ea0dc05a8b31ae,PR,12.0,1.0,1.0,1482.24,186.24,0.4905997785529708,49.059977855297085,Medium,1482.24,72718.66157623555,High Priority,Prioritize fulfillment monitoring,0,22378
3a387120748132611868e2e4707cdbaa,AM,1.0,1.0,1.0,1853.75,165.75,0.5035854324467208,50.35854324467208,High,1853.75,93352.14953981087,High Priority,Prioritize fulfillment monitoring,0,22412
3a4b013e014723cc38c9faa8ffdc6387,SP,1.0,1.0,1.0,3526.46,126.47,0.4979837857229817,49.798378572298176,Medium,3526.46,175611.99010006664,High Priority,Prioritize fulfillment monitoring,0,22443
3a7763a8b66b496ef5253606f9a09110,MG,1.0,1.0,1.0,1391.35,31.45,0.4975336093545099,49.753360935451,Medium,1391.35,69224.33873753974,High Priority,Prioritize fulfillment monitoring,0,22516
3ad9ae84ca65db282ae34e9c9aeeaf7c,SP,2.0,2.0,2.0,2148.4,69.9,0.4477358553721908,44.77358553721908,Medium,2148.4,96191.57116816146,High Priority,Prioritize fulfillment monitoring,0,22662
3adcce2e211993b4e696031bf97409dc,GO,1.0,1.0,1.0,1244.12,78.15,0.5045681696701815,50.45681696701815,High,1244.12,62774.33512500661,High Priority,Prioritize fulfillment monitoring,0,22670
3b33fee9a422ba92fb56025e07fe3db6,RJ,1.0,1.0,1.0,1830.12,61.12,0.5219063094914111,52.19063094914112,High,1830.12,95515.11751264214,High Priority,Prioritize fulfillment monitoring,0,22780
3b43ab87914ebf7fd563557362108ebd,RO,1.0,1.0,1.0,2452.12,52.12,0.4940834406097528,49.40834406097528,Medium,2452.12,121155.1886387987,High Priority,Prioritize fulfillment monitoring,0,22807
3c3578cbe37cf7af07897091fa676eb4,MG,1.0,1.0,1.0,2009.62,29.62,0.497955579217724,49.7955579217724,Medium,2009.62,100070.14911075225,High Priority,Prioritize fulfillment monitoring,0,23169
3c4a05391c2fcd152731f52de8fc4347,SC,1.0,1.0,1.0,2960.05,61.05,0.5092146453036236,50.92146453036236,High,2960.05,150730.0810830991,High Priority,Prioritize fulfillment monitoring,0,23202
3c71011c33cf4ba95d18787bdc0e94d3,MG,1.0,1.0,1.0,3042.36,42.47,0.497955579217724,49.7955579217724,Medium,3042.36,151496.0135988835,High Priority,Prioritize fulfillment monitoring,0,23260
3d08a84829e314578aefc90c376dc3d7,PR,1.0,1.0,1.0,1638.72,39.72,0.4957914544474134,49.57914544474134,Medium,1638.72,81246.33722320653,High Priority,Prioritize fulfillment monitoring,0,23481
3d570969ca912ed5d24b3d9fee30b739,SP,1.0,1.0,1.0,1672.06,22.17,0.4976961792267761,49.76961792267761,Medium,1672.06,83217.78734379233,High Priority,Prioritize fulfillment monitoring,0,23598
3dd5626c63f493f8b8f8788c2be24baa,SC,1.0,1.0,1.0,3005.06,306.06,0.5111951111113505,51.119511111135054,High,3005.06,153617.1980596275,High Priority,Prioritize fulfillment monitoring,0,23787
3e40fd20e1f24da8d88521364c41136d,SP,1.0,1.0,1.0,1468.45,90.95,0.4840794378062183,48.40794378062184,Medium,1468.45,71084.64504465414,High Priority,Prioritize fulfillment monitoring,0,23940
3e721650e845549cd3268a5749f843fb,RJ,1.0,1.0,1.0,1182.31,56.41,0.5241667727086301,52.41667727086301,High,1182.31,61972.76170411405,,Routine monitoring,0,24004
3ef5c8159bd4605715d1fd6e20cf8137,AL,1.0,1.0,1.0,1257.96,58.06,0.5295194202354271,52.95194202354271,High,1257.96,66611.4249879358,,Routine monitoring,1,24202
3f64a17e87d0fed4d084e352409882ba,RJ,1.0,1.0,1.0,1312.67,72.67,0.5174741507705136,51.747415077051365,High,1312.67,67927.27934919302,High Priority,Prioritize fulfillment monitoring,0,24352
3f6670995954b34c0398e06391f7494d,RJ,1.0,1.0,1.0,2105.57,35.57,0.5202366993523345,52.02366993523345,High,2105.57,109539.4787055295,High Priority,Prioritize fulfillment monitoring,0,24355
3fde74c28a3d5d618c00f26d51baafa0,SC,1.0,1.0,1.0,2713.36,375.28,0.5097797253075846,50.977972530758464,High,2713.36,138321.5915460588,High Priority,Prioritize fulfillment monitoring,0,24519
403b97836b0c04a622354cf531062e5f,RJ,1.0,1.0,1.0,1376.45,77.45,0.5212617262080044,52.12617262080044,High,1376.45,71749.07030390076,,Routine monitoring,0,24662
4160b6447ad70e6d73f7221dd970bbe9,SP,1.0,1.0,1.0,3076.13,76.23,0.4976961792267761,49.76961792267761,Medium,3076.13,153097.81478048628,High Priority,Prioritize fulfillment monitoring,0,25122
4198c92e06d92792e49f119f659e723e,PR,1.0,1.0,1.0,1294.26,104.26,0.4956570910804048,49.56570910804049,Medium,1294.26,64150.91467017248,High Priority,Prioritize fulfillment monitoring,0,25222
419aa3b89330662c6c903d25b3be8619,MG,1.0,1.0,1.0,2110.57,40.57,0.497955579217724,49.7955579217724,Medium,2110.57,105097.01068295518,High Priority,Prioritize fulfillment monitoring,0,25226
41b7766bb1df487d17fb9725b78ff509,RJ,1.0,1.0,1.0,3979.55,49.55,0.5202366993523345,52.02366993523345,High,3979.55,207030.79569075827,High Priority,Prioritize fulfillment monitoring,0,25263
41e12d2c0b4b336d20ccb6d37cffdb17,SC,1.0,1.0,1.0,1442.79,65.29,0.5178554154594537,51.78554154594537,High,1442.79,74715.66148707453,High Priority,Prioritize fulfillment monitoring,0,25331
421bc5d68665463cbb939db50847894d,MT,2.0,1.0,1.0,1927.38,267.38,0.5019019636780017,50.19019636780017,High,1927.38,96735.5806753707,High Priority,Prioritize fulfillment monitoring,0,25424
4256024f988c6c35dce119ea6c84e1d4,SP,1.0,1.0,1.0,1759.04,60.04,0.4933344691856482,49.333446918564825,Medium,1759.04,86779.50646763227,High Priority,Prioritize fulfillment monitoring,0,25498
426a9742b533fc6fed17d1fd6d143d7e,SP,1.0,1.0,1.0,4513.32,113.45,0.4979837857229817,49.798378572298176,Medium,4513.32,224756.01797792478,High Priority,Prioritize fulfillment monitoring,0,25530
427911f3c5b426df742d7d17cb9424bb,RJ,1.0,1.0,1.0,1759.26,60.26,0.521053156935425,52.1053156935425,High,1759.26,91666.79768702158,High Priority,Prioritize fulfillment monitoring,0,25553
439afa2b3126bff920c9e34798c5d148,RJ,1.0,1.0,1.0,1234.62,34.72,0.5212617262080044,52.12617262080044,High,1234.62,64356.01524109263,High Priority,Prioritize fulfillment monitoring,0,25990
43bdbd9dc0931d72befdf4765af6c442,PB,1.0,1.0,1.0,3406.47,317.47,0.5120357593289255,51.20357593289256,High,3406.47,174423.4453081205,High Priority,Prioritize fulfillment monitoring,0,26035
43da1954a3ab906e70d25dff8fd0a3a0,SP,2.0,1.0,1.0,1474.76,74.76,0.4942610075658286,49.42610075658286,Medium,1474.76,72891.63635177814,High Priority,Prioritize fulfillment monitoring,1,26085
4412d97cb2093633afa85f11db46316c,MA,6.0,5.0,1.0,3195.74,95.99,0.5102984056125247,51.02984056125247,High,3195.74,163078.10267521697,High Priority,Prioritize fulfillment monitoring,0,26182
4442d1fdf454197e9e141f0d83a9031e,RS,1.0,1.0,1.0,1323.79,24.79,0.503736312583574,50.3736312583574,High,1323.79,66684.10932350095,High Priority,Prioritize fulfillment monitoring,0,26274
44ecd2ebe54e3c23da26345bfcf1c919,PR,1.0,1.0,1.0,2333.97,33.98,0.494663675139853,49.4663675139853,Medium,2333.97,115453.01778661626,High Priority,Prioritize fulfillment monitoring,0,26540
457ade8093de88b42998c569334a7864,DF,1.0,1.0,1.0,2616.0,66.0,0.5003421827937372,50.03421827937372,High,2616.0,130889.51501884164,High Priority,Prioritize fulfillment monitoring,0,26768
45c797b966bf19a7e315f1b7767517e8,MG,1.0,1.0,1.0,2027.65,27.75,0.4970507330952866,49.705073309528665,Medium,2027.65,100784.4918960658,High Priority,Prioritize fulfillment monitoring,0,26882
466839bc7437c08a787345cd313ba3dd,RS,1.0,1.0,1.0,1711.63,112.63,0.5053890595577741,50.538905955777416,High,1711.63,86503.90760108731,High Priority,Prioritize fulfillment monitoring,0,27134
46bda15a7762d32270b8141ad9c27c2c,SP,1.0,1.0,1.0,1797.73,97.74,0.4959864378851237,49.59864378851237,Medium,1797.73,89164.96989792235,High Priority,Prioritize fulfillment monitoring,0,27269
46df573bb73f96f2ac4ed61858107f75,AL,1.0,1.0,1.0,1658.81,63.81,0.545904577463047,54.5904577463047,High,1658.81,90555.1972141477,High Priority,Prioritize fulfillment monitoring,0,27321
47892e2502f689c00844f192c73a4d0d,PB,1.0,1.0,1.0,1437.1,57.1,0.5128739035450722,51.28739035450722,High,1437.1,73705.10867846232,High Priority,Prioritize fulfillment monitoring,1,27567
4929d4d047361715eb1ad08b7affce93,RS,1.0,1.0,1.0,1252.81,52.86,0.5046794831983544,50.46794831983544,High,1252.81,63226.75033457304,High Priority,Prioritize fulfillment monitoring,0,28221
4a21e3eb07861993fbaae74314b0d224,RS,1.0,1.0,1.0,1472.47,82.48,0.5046794831983544,50.46794831983544,High,1472.47,74312.5398625081,High Priority,Prioritize fulfillment monitoring,0,28610
4c69bbdad86856084206eaf2d9349122,SP,1.0,1.0,1.0,1925.81,26.69,0.4976961792267761,49.76961792267761,Medium,1925.81,95846.82789167177,High Priority,Prioritize fulfillment monitoring,0,29507
4cb8dd7ed38c78241066cdaa289811ba,SP,1.0,1.0,1.0,1429.59,39.59,0.497274209363562,49.7274209363562,Medium,1429.59,71089.82369640545,High Priority,Prioritize fulfillment monitoring,0,29618
4cf7b60ee5bf3891424ddb434b261cd5,MT,1.0,1.0,1.0,1733.34,28.37,0.5075197542198576,50.75197542198576,High,1733.34,87970.42907794479,High Priority,Prioritize fulfillment monitoring,0,29725
4df2b9c2c7b6eedea39ceb96eb54ad34,DF,1.0,1.0,1.0,1839.05,150.05,0.4993013721689987,49.93013721689987,Medium,1839.05,91824.01884873971,High Priority,Prioritize fulfillment monitoring,0,30116
4e04fa1df0f5960cae555fc19b184dd9,SP,1.0,1.0,1.0,2027.26,27.36,0.4976961792267761,49.76961792267761,Medium,2027.26,100895.95562992741,High Priority,Prioritize fulfillment monitoring,0,30139
4f7ce3efe568a5e57290a9fa3e45b1f5,PI,1.0,1.0,1.0,1727.67,32.67,0.5198375163730939,51.9837516373094,High,1727.67,89810.76819123034,High Priority,Prioritize fulfillment monitoring,1,30677
4fe6e6eee2e643359d66860e9954cb84,SC,1.0,1.0,1.0,2190.4,60.4,0.5109075046151449,51.09075046151449,High,2190.4,111909.17981090135,High Priority,Prioritize fulfillment monitoring,0,30838
4ff8e28200e5a7a50b448cfaaf1f8ed3,PR,1.0,1.0,1.0,2288.31,39.31,0.4957914544474134,49.57914544474134,Medium,2288.31,113452.45431265606,High Priority,Prioritize fulfillment monitoring,0,30877
51e827dc634ca855acba1d305c4649af,PB,1.0,1.0,1.0,1265.83,66.83,0.5129317927725839,51.2931792772584,High,1265.83,64928.445124532,High Priority,Prioritize fulfillment monitoring,0,31587
52e6988a13f9dd7d567b0816dba52a03,RJ,1.0,1.0,1.0,3041.73,41.84,0.5202366993523345,52.02366993523345,High,3041.73,158241.95755209765,High Priority,Prioritize fulfillment monitoring,0,31963
53be479f3b3486d26abed234b365a359,MT,4.0,1.0,1.0,1942.6,206.6,0.5032197276626507,50.32197276626506,High,1942.6,97755.46429574651,High Priority,Prioritize fulfillment monitoring,0,32246
53c71d3953507c6239ff73917ed358c9,SC,1.0,1.0,1.0,3184.34,74.35,0.5115182366924016,51.15182366924016,High,3184.34,162884.7981829082,High Priority,Prioritize fulfillment monitoring,0,32258
53cbc02ffe278ca84b6f4920d9d3ecd5,SP,5.0,1.0,1.0,2276.1,281.1,0.4932127922286685,49.32127922286685,Medium,2276.1,112260.16363916724,High Priority,Prioritize fulfillment monitoring,1,32266
543191db0a8f28cd664d601260fb1dee,PE,1.0,1.0,1.0,1714.21,115.21,0.512791791856942,51.27917918569421,High,1714.21,87903.28175190887,High Priority,Prioritize fulfillment monitoring,0,32440
54787cae1cb90fdafe197fe2bc300cd0,TO,1.0,1.0,1.0,1415.8,35.8,0.5131061695969364,51.31061695969365,High,1415.8,72645.57149153427,High Priority,Prioritize fulfillment monitoring,0,32553
558b5f3eea27fa1b4cbc05013c45948e,PB,1.0,1.0,1.0,2438.51,39.51,0.5133537626357979,51.33537626357979,High,2438.51,125181.82837250196,High Priority,Prioritize fulfillment monitoring,0,32951
568f58b0889ba49158a99fb0e26dd95e,RS,1.0,1.0,1.0,1478.45,29.45,0.5046794831983544,50.46794831983544,High,1478.45,74614.33819346072,High Priority,Prioritize fulfillment monitoring,0,33351
586992f50ed97898737b07970376d19c,SP,1.0,1.0,1.0,3016.01,17.01,0.4962123249000496,49.62123249000496,Medium,3016.01,149658.13340217987,High Priority,Prioritize fulfillment monitoring,0,34031
58c5215132c75e7d8226faaf2fab73a2,RJ,1.0,1.0,1.0,1414.7,24.8,0.5212617262080044,52.12617262080044,High,1414.7,73742.89640664638,High Priority,Prioritize fulfillment monitoring,0,34178
593f849c29daaeee17ee32baa44795d6,PE,2.0,1.0,1.0,1218.34,78.44,0.5079179630830376,50.79179630830376,High,1218.34,61881.6771142588,High Priority,Prioritize fulfillment monitoring,0,34347
5a670c4229b1cbe58d67f3afde248f75,RJ,1.0,1.0,1.0,1424.0,25.0,0.5198147294891203,51.98147294891204,High,1424.0,74021.61747925075,High Priority,Prioritize fulfillment monitoring,0,34768
5b265b1557d0d44a32df50b4fbf98c7b,PA,1.0,1.0,1.0,1301.01,92.01,0.5110664666462129,51.106646664621294,High,1301.01,66490.25837713895,High Priority,Prioritize fulfillment monitoring,0,35036
5bd06bab48e0423fc35d1c236d48a6bb,PE,2.0,1.0,1.0,2017.08,497.08,0.5073433755958192,50.73433755958192,High,2017.08,102335.21760468149,High Priority,Prioritize fulfillment monitoring,0,35278
5be887c26e086c8cc169b70cbc9afadb,BA,1.0,1.0,1.0,1675.71,85.71,0.5227174165576637,52.27174165576637,High,1675.71,87592.28020998427,High Priority,Prioritize fulfillment monitoring,0,35314
5d4c85dc3fb9109333a5a7ef8fe717a4,PR,4.0,1.0,1.0,1916.96,180.96,0.4924975870546326,49.24975870546326,Medium,1916.96,94409.81744802484,High Priority,Prioritize fulfillment monitoring,0,35840
5dbf3bee4c547774bf74d477748dda22,MT,1.0,1.0,1.0,1247.29,47.39,0.5066018357572165,50.66018357572165,High,1247.29,63187.94037216186,High Priority,Prioritize fulfillment monitoring,0,35995
5f9e4b231676bfe9ead7e5ed49d06dfc,PB,1.0,1.0,1.0,2083.09,94.09,0.5136413691320035,51.36413691320036,High,2083.09,106996.11996251855,High Priority,Prioritize fulfillment monitoring,0,36730
607911c4ac62f9038b4ec434673e486e,DF,2.0,1.0,1.0,1916.08,118.08,0.4973893123438147,49.73893123438148,Medium,1916.08,95303.77135957367,High Priority,Prioritize fulfillment monitoring,0,37058
60b570df9018c6b6441017314a2dd081,RJ,6.0,1.0,1.0,1351.44,271.5,0.5190541357543411,51.90541357543411,High,1351.44,70147.05212238467,High Priority,Prioritize fulfillment monitoring,0,37144
60ef2f57ad0bdb9491f0d62b4147d7f6,PB,1.0,1.0,1.0,1217.78,57.78,0.5129317927725839,51.2931792772584,High,1217.78,62463.80786025974,High Priority,Prioritize fulfillment monitoring,0,37234
61016e853ed7b77d222e5a2c38d4a7bb,RS,1.0,1.0,1.0,1989.96,109.96,0.5053890595577741,50.538905955777416,High,1989.96,100570.40129575883,High Priority,Prioritize fulfillment monitoring,0,37263
61a2a23b9b85cf80af8eec1db5136db2,SP,1.0,1.0,1.0,1462.65,63.65,0.4961464300560017,49.614643005600165,Medium,1462.65,72568.85759214108,High Priority,Prioritize fulfillment monitoring,0,37518
61a4e749e6975384980e883fc5653d8b,MG,5.0,2.0,1.0,1591.25,141.75,0.4661090269172595,46.610902691725954,Medium,1591.25,74169.59890820892,High Priority,Prioritize fulfillment monitoring,0,37520
6260b8b7e35f7b2163df6a9eb133a072,RJ,1.0,1.0,1.0,2082.36,82.37,0.5232560821867998,52.32560821867997,High,2082.36,108960.75353025043,High Priority,Prioritize fulfillment monitoring,0,37841
63089c5f142cc1148a1d7799a8359e8a,RJ,1.0,1.0,1.0,2151.29,61.29,0.5216836960712185,52.168369607121846,High,2151.29,112229.29185210516,High Priority,Prioritize fulfillment monitoring,0,38119
633ab17bf4665666fdef150a01469e84,BA,1.0,1.0,1.0,2183.6,284.6,0.5230050230538693,52.30050230538693,High,2183.6,114203.3768340429,High Priority,Prioritize fulfillment monitoring,0,38187
637617b3ffe9e2f7a2411243829226d0,SC,12.0,4.0,1.0,1246.95,288.15,0.4930357016726877,49.30357016726877,Medium,1246.95,61479.08682007579,High Priority,Prioritize fulfillment monitoring,0,38273
637829c452a59980120d8015af137b78,MG,1.0,1.0,1.0,1655.6,46.61,0.498474268108506,49.8474268108506,Medium,1655.6,82527.39982804425,High Priority,Prioritize fulfillment monitoring,0,38280
65c5c8d2e87139529c41cf8307ba1f65,SP,1.0,1.0,1.0,1806.68,66.68,0.4976961792267761,49.76961792267761,Medium,1806.68,89917.77330854318,High Priority,Prioritize fulfillment monitoring,0,39165
66b9c991ee308f9342f6a7f63bb68251,BA,2.0,1.0,1.0,3358.24,58.24,0.5275002553369719,52.75002553369718,High,3358.24,177147.24574828323,High Priority,Prioritize fulfillment monitoring,0,39554
677e38d339f46ff8cd648fa4ed787ab2,RJ,2.0,1.0,1.0,1710.18,100.18,0.5325433115631013,53.25433115631013,High,1710.18,91074.49205689847,High Priority,Prioritize fulfillment monitoring,0,39874
68101694e5c5dc7330c91e1bbc36214f,MG,1.0,1.0,1.0,4175.26,75.27,0.497955579217724,49.7955579217724,Medium,4175.26,207909.40116845944,High Priority,Prioritize fulfillment monitoring,0,40105
6810c2b3b3587a83d4af69dcb68295f9,PI,3.0,1.0,1.0,1989.75,192.75,0.5151296203415169,51.51296203415169,High,1989.75,102497.91620745332,High Priority,Prioritize fulfillment monitoring,0,40107
6907ea7150759a085c8ed75a55aeb90d,RJ,1.0,1.0,1.0,2150.81,40.91,0.5199757214803951,51.99757214803951,High,2150.81,111836.89815172486,High Priority,Prioritize fulfillment monitoring,0,40447
694e3d121f16bcbb9b4595b6c6ab3baf,BA,2.0,1.0,1.0,2732.06,52.06,0.5180484974005402,51.80484974005402,High,2732.06,141533.95778081196,High Priority,Prioritize fulfillment monitoring,0,40553
697b4c68b81ce7731108f096fbc56aed,RJ,1.0,1.0,1.0,2153.35,43.35,0.5216258068437069,52.16258068437069,High,2153.35,112324.29311668962,High Priority,Prioritize fulfillment monitoring,0,40614
69840aae60642aee7093192b37961c08,SP,6.0,2.0,1.0,1972.0,172.0,0.4809681309060011,48.09681309060011,Medium,1972.0,94846.91541466341,High Priority,Prioritize fulfillment monitoring,0,40624
69b1741699a9270162ff84bea75ceb04,SP,1.0,1.0,1.0,1657.57,47.67,0.4976961792267761,49.76961792267761,Medium,1657.57,82496.62558009272,High Priority,Prioritize fulfillment monitoring,0,40705
6a4bb813a7219502638206778564481d,SP,1.0,1.0,1.0,1891.07,42.07,0.4965683999192157,49.65683999192157,Medium,1891.07,93904.56040352312,High Priority,Prioritize fulfillment monitoring,0,40933
6a6c30136e870dc8e8338fbb826ee41e,RS,1.0,1.0,1.0,1498.46,98.47,0.5049670896945601,50.49670896945601,High,1498.46,75667.29852237106,High Priority,Prioritize fulfillment monitoring,0,40969
6cb134bb285a64b0425d1fdaa00d4214,PR,1.0,1.0,1.0,2031.09,32.09,0.494663675139853,49.4663675139853,Medium,2031.09,100470.64439398039,High Priority,Prioritize fulfillment monitoring,0,41886
6ccfdcda6bd1ef7cee86cd6f6c4b8bee,RJ,1.0,1.0,1.0,2153.35,43.35,0.5220814035386616,52.20814035386616,High,2153.35,112422.3990309977,High Priority,Prioritize fulfillment monitoring,0,41920
6d0940a8f5fba47562bb14cd97dfd6da,RS,1.0,1.0,1.0,2455.12,105.12,0.5053890595577741,50.538905955777416,High,2455.12,124079.07879014824,High Priority,Prioritize fulfillment monitoring,1,42004
6d1bb6a3257e28040854d87c7984acf9,BA,2.0,1.0,1.0,1206.34,98.36,0.5179141340335317,51.79141340335317,High,1206.34,62478.053645001055,High Priority,Prioritize fulfillment monitoring,0,42038
6ddfbf514959b49b6410c01ad93054bb,AL,1.0,1.0,1.0,1359.4,314.4,0.5298070267316327,52.98070267316327,High,1359.4,72021.96721389816,High Priority,Prioritize fulfillment monitoring,0,42311
6f4822a6ea32489ed368e0ed3276a3b1,MT,1.0,1.0,1.0,1290.79,40.79,0.505474056449656,50.54740564496561,High,1290.79,65246.08573246515,High Priority,Prioritize fulfillment monitoring,0,42869
6fd59e3ae7e24c50131f6bc97c4c7776,SP,2.0,1.0,1.0,2913.48,39.48,0.4944010243709105,49.44010243709105,Medium,2913.48,144042.74964841604,High Priority,Prioritize fulfillment monitoring,0,43091
708d3d7c0c996a92a48a8cf501f6fd8b,ES,1.0,1.0,1.0,1233.65,144.65,0.5167210935774674,51.67210935774674,High,1233.65,63745.29770918427,High Priority,Prioritize fulfillment monitoring,1,43364
70d8acc0832b3dd2048b71a6fe492257,MG,1.0,1.0,1.0,1584.96,83.46,0.4973755347007113,49.737553470071134,Medium,1584.96,78832.03274792395,High Priority,Prioritize fulfillment monitoring,0,43469
70f3d00cfbc9cc2a465887a6edeb1149,BA,1.0,1.0,1.0,1343.44,63.44,0.5222954466944496,52.22954466944496,High,1343.44,70167.25949071914,High Priority,Prioritize fulfillment monitoring,0,43513
7122be37b1b21797619ed0a6cf64f043,CE,1.0,1.0,1.0,1368.11,178.11,0.5200923897937092,52.00923897937092,High,1368.11,71154.35994006714,High Priority,Prioritize fulfillment monitoring,1,43589
71dab1155600756af6de79de92e712e3,BA,11.0,2.0,1.0,1988.53,626.64,0.5064409449991595,50.64409449991595,High,1988.53,100707.30123591787,High Priority,Prioritize fulfillment monitoring,0,43868
7229fca9b269915fc63b44434d20828a,SP,1.0,1.0,1.0,2098.4,99.4,0.4979837857229817,49.798378572298176,Medium,2098.4,104496.91759611049,High Priority,Prioritize fulfillment monitoring,0,43987
725cf8e9c24e679a8a5a32cb92c9ce1e,PE,2.0,2.0,1.0,2067.42,497.42,0.4970064612670443,49.700646126704434,Medium,2067.42,102752.10981527128,High Priority,Prioritize fulfillment monitoring,0,44061
736e1922ae60d0d6a89247b851902527,ES,4.0,1.0,1.0,7274.88,114.88,0.5183399334021114,51.83399334021114,High,7274.88,377086.0814708352,High Priority,Prioritize fulfillment monitoring,0,44467
73863aca434e1d117e45109bea6f1937,RS,1.0,1.0,1.0,1841.75,171.88,0.5041582824467881,50.415828244678806,High,1841.75,92853.3516696372,High Priority,Prioritize fulfillment monitoring,0,44501
73cbd9a357e885c9034b3df9d50482bb,PE,3.0,1.0,1.0,1427.25,389.25,0.5082055695792432,50.820556957924325,High,1427.25,72533.6399181975,High Priority,Prioritize fulfillment monitoring,0,44603
73ef343c9dbf2f6d45362c9bc150f4b7,SP,1.0,1.0,1.0,2183.15,33.15,0.4976961792267761,49.76961792267761,Medium,2183.15,108654.54136789363,High Priority,Prioritize fulfillment monitoring,0,44663
74814089384762f3833de42b05c9c2c7,RS,1.0,1.0,1.0,1437.64,105.14,0.5049670896945601,50.49670896945601,High,1437.64,72596.08868284874,High Priority,Prioritize fulfillment monitoring,0,44871
74aacfe89f7715e9d6655dd55c86da46,MG,1.0,1.0,1.0,1314.99,26.27,0.497149991215495,49.7149991215495,Medium,1314.99,65374.72669484638,,Routine monitoring,0,44929
750465ac3478d2b4483153fcd61b9c13,PE,1.0,1.0,1.0,1692.59,233.59,0.512791791856942,51.27917918569421,High,1692.59,86794.62589791416,High Priority,Prioritize fulfillment monitoring,0,45055
7607b319daef63a1c1a41b1cd6f4a54c,CE,4.0,1.0,1.0,1507.56,191.56,0.5153072230240765,51.53072230240765,High,1507.56,77685.65571421768,High Priority,Prioritize fulfillment monitoring,0,45443
773f048245dc975a5f7c67c2415c88a0,BA,1.0,1.0,1.0,2092.86,63.86,0.5227174165576637,52.27174165576637,High,2092.86,109397.4372416872,High Priority,Prioritize fulfillment monitoring,1,45866
782656b57c879a8c0d6a326048331e91,RJ,1.0,1.0,1.0,1367.75,90.25,0.5202546721110488,52.02546721110488,High,1367.75,71157.8327779887,High Priority,Prioritize fulfillment monitoring,0,46210
789ef8e547844763c96f5e815b5478e3,RJ,1.0,1.0,1.0,1562.57,27.67,0.520588445360091,52.0588445360091,High,1562.57,81345.58870663174,High Priority,Prioritize fulfillment monitoring,0,46402
78cb9a560d2efd85da4adc637aab727f,RS,5.0,1.0,1.0,1315.9,87.4,0.4876644991174065,48.76644991174066,Medium,1315.9,64171.771438859534,High Priority,Prioritize fulfillment monitoring,0,46466
7928aaa2a94ef219ecd0f7d9224cfc7b,SP,1.0,1.0,1.0,1782.55,82.56,0.4965683999192157,49.65683999192157,Medium,1782.55,88515.8001275998,High Priority,Prioritize fulfillment monitoring,0,46607
794c69999774820e22c161f6dc4fef91,GO,1.0,1.0,1.0,2794.5,54.5,0.5049901395333957,50.49901395333956,High,2794.5,141119.49449260742,High Priority,Prioritize fulfillment monitoring,0,46670
79d3522a0854c853a4979ff2691abd91,BA,1.0,1.0,1.0,3048.27,48.38,0.5227174165576637,52.27174165576637,High,3048.27,159338.38193702296,High Priority,Prioritize fulfillment monitoring,0,46865
7a35387c416ab539ef45773ebacc4993,MG,4.0,1.0,1.0,1761.64,82.04,0.4944558235955815,49.44558235955815,Medium,1761.64,87105.31570789203,High Priority,Prioritize fulfillment monitoring,0,47038
7a8cc403293bdadea04f2c93aeb91a4c,AL,2.0,1.0,1.0,2269.98,110.0,0.525880009931542,52.5880009931542,High,2269.98,119373.71049444018,High Priority,Prioritize fulfillment monitoring,0,47172
7b9783133bb4a92b0c131b1b4f7657ea,PR,1.0,1.0,1.0,1312.67,72.67,0.4942417052766389,49.4241705276639,Medium,1312.67,64877.62592654857,High Priority,Prioritize fulfillment monitoring,0,47580
7bccf6f8e394c22407daecb91ff10198,DF,1.0,1.0,1.0,1220.73,70.73,0.4999202129305231,49.99202129305231,Medium,1220.73,61026.76015306775,High Priority,Prioritize fulfillment monitoring,0,47664
7cb72e0bbd081c1483fb0b200266b7d3,RJ,1.0,1.0,1.0,1391.13,31.23,0.5198147294891203,51.98147294891204,High,1391.13,72312.98646342002,High Priority,Prioritize fulfillment monitoring,1,48003
7eb6bfea5daf19a607f08fd25ea7672a,MG,1.0,1.0,1.0,2106.55,109.55,0.4987047118506522,49.87047118506523,Medium,2106.55,105054.64107489916,High Priority,Prioritize fulfillment monitoring,0,48751
7f8df73aeab603648dec28a5f6cfadc3,BA,4.0,1.0,1.0,1803.24,207.24,0.5183361038967457,51.83361038967457,High,1803.24,93468.43959907677,High Priority,Prioritize fulfillment monitoring,0,49065
7f9cfd88530c3c6d0ce6084b27ef46ff,PA,2.0,2.0,2.0,1341.26,74.06,0.4607134913217053,46.07134913217054,Medium,1341.26,61793.657737015055,High Priority,Prioritize fulfillment monitoring,0,49092
80423624a58421eb6e6d9fd07cafb406,RJ,1.0,1.0,1.0,1258.23,138.33,0.5198147294891203,51.98147294891204,High,1258.23,65404.6487085096,,Routine monitoring,0,49341
80ac215e5fbfa62e737e8d47e2287b2c,SP,1.0,1.0,1.0,2039.31,40.31,0.4976961792267761,49.76961792267761,Medium,2039.31,101495.67952589567,High Priority,Prioritize fulfillment monitoring,0,49496
80d49171762a51f500bf6b774aa24617,SP,1.0,1.0,1.0,2787.87,38.22,0.4965683999192157,49.65683999192157,Medium,2787.87,138436.8145082784,High Priority,Prioritize fulfillment monitoring,0,49555
80db40134db34fa301d8a9c17b307a00,PB,1.0,1.0,1.0,2155.35,65.35,0.5120357593289255,51.20357593289256,High,2155.35,110361.62738695998,High Priority,Prioritize fulfillment monitoring,0,49564
80dfedb6d17bf23539beeef3c768f4d7,DF,1.0,1.0,1.0,4194.76,195.76,0.5004717146361443,50.047171463614426,High,4194.76,209935.87296871125,High Priority,Prioritize fulfillment monitoring,0,49573
8171523911786efd1d91c66d69051fcd,BA,4.0,1.0,1.0,3122.72,202.72,0.5183361038967457,51.83361038967457,High,3122.72,161861.85183604455,High Priority,Prioritize fulfillment monitoring,0,49791
826c215c77d0299238e4a2d52a8f5a99,GO,1.0,1.0,1.0,1458.51,81.01,0.5056319773578015,50.56319773578015,High,1458.51,73746.92952961271,High Priority,Prioritize fulfillment monitoring,0,50127
82fae4d3818a5f80851df0cc8c94aa7e,MG,1.0,1.0,1.0,1453.3,58.3,0.4975336093545099,49.753360935451,Medium,1453.3,72306.55944749093,High Priority,Prioritize fulfillment monitoring,0,50363
83167649ca3fb63d1a7daada42232e14,SP,5.0,1.0,1.0,2566.9,74.4,0.4932127922286685,49.32127922286685,Medium,2566.9,126602.79163717692,High Priority,Prioritize fulfillment monitoring,0,50407
833aeeba583417aa644a7c311e6b5bd8,SP,1.0,1.0,1.0,2384.5,96.5,0.4965683999192157,49.65683999192157,Medium,2384.5,118406.73496073698,High Priority,Prioritize fulfillment monitoring,0,50459
836e4cb15d850d5cb77cda4c3c387665,PR,1.0,1.0,1.0,1290.32,122.32,0.4956570910804048,49.56570910804049,Medium,1290.32,63955.6257762868,High Priority,Prioritize fulfillment monitoring,1,50521
83d9d9a85946d3089b6b360120a54dcf,RJ,1.0,1.0,1.0,1439.27,48.72,0.5172296898476084,51.72296898476084,High,1439.27,74443.31757069673,High Priority,Prioritize fulfillment monitoring,0,50670
83e6338b5cf25dcf222551cb8da8d0d6,BA,1.0,1.0,1.0,2692.82,43.82,0.5337071438837913,53.37071438837913,High,2692.82,143717.7271193151,High Priority,Prioritize fulfillment monitoring,0,50687
83eec8a1bf27d833e0d2f468cf456ab1,PR,1.0,1.0,1.0,2314.82,96.82,0.4960211717161072,49.60211717161073,Medium,2314.82,114819.97287118796,High Priority,Prioritize fulfillment monitoring,0,50696
854b499ad9cdbb8d8945d8b0c0459455,MG,1.0,1.0,1.0,1522.99,172.99,0.4717152708714495,47.17152708714495,Medium,1522.99,71841.76403845088,High Priority,Prioritize fulfillment monitoring,0,51217
859baae7fe80b6ffdc2904cc16e16431,SC,1.0,1.0,1.0,1203.68,53.68,0.5104855347519308,51.04855347519308,High,1203.68,61446.122847020415,High Priority,Prioritize fulfillment monitoring,0,51338
85c467a504e5796387bb68fe2adcc256,BA,2.0,1.0,1.0,2204.04,436.24,0.5183361038967457,51.83361038967457,High,2204.04,114243.35064325834,High Priority,Prioritize fulfillment monitoring,0,51392
85eaa27aacbad988234b742f85ca7cd3,MS,1.0,1.0,1.0,2133.69,70.7,0.5142391428159511,51.42391428159511,High,2133.69,109722.69166349668,High Priority,Prioritize fulfillment monitoring,0,51446
85f8ad45e067abd694b627859fa57453,RS,1.0,1.0,1.0,1961.0,27.0,0.5051014530615686,50.51014530615687,High,1961.0,99050.39494537363,High Priority,Prioritize fulfillment monitoring,0,51471
86c4eab1571921a6a6e248ed312f5a5a,SP,1.0,1.0,1.0,4016.91,17.01,0.4970334624929527,49.70334624929528,Medium,4016.91,199653.8685822567,High Priority,Prioritize fulfillment monitoring,0,51736
877a74a0ee5c1f719f39f4f11d2fc19a,MG,2.0,1.0,1.0,2759.88,59.88,0.4936379461559659,49.36379461559659,Medium,2759.88,136238.14948369272,High Priority,Prioritize fulfillment monitoring,0,52019
880995aee9550ecd4518103daaf74fa0,SP,1.0,1.0,1.0,2457.44,29.44,0.4965683999192157,49.65683999192157,Medium,2457.44,122028.70486974774,High Priority,Prioritize fulfillment monitoring,0,52237
886b114d034f4ac1d39d964c1b2a8182,SP,1.0,1.0,1.0,2027.16,28.16,0.4976961792267761,49.76961792267761,Medium,2027.16,100890.97866813515,High Priority,Prioritize fulfillment monitoring,0,52406
890950459d93d42060f57d04ab680600,RJ,1.0,1.0,1.0,1679.63,25.75,0.5216836960712185,52.168369607121846,High,1679.63,87623.55864321007,High Priority,Prioritize fulfillment monitoring,0,52628
893c5d0f1a2fd75917c6b37fcd220601,PI,4.0,1.0,1.0,1205.0,169.0,0.5151296203415169,51.51296203415169,High,1205.0,62073.119251152784,High Priority,Prioritize fulfillment monitoring,0,52710
897d215bbe78c235bc0008784a15ac78,MG,4.0,1.0,1.0,1719.92,123.92,0.4952049562285097,49.52049562285097,Medium,1719.92,85171.29083165385,High Priority,Prioritize fulfillment monitoring,0,52788
89be631fd4bcaeb41bbc2f969b37aecf,AP,2.0,1.0,1.0,1475.08,116.84,0.5022756142195189,50.2275614219519,High,1475.08,74089.6713022928,High Priority,Prioritize fulfillment monitoring,0,52887
8a3faec8dc9fc14969c3ec8dc757abdd,PR,2.0,1.0,1.0,1246.34,128.54,0.4920177279639068,49.201772796390685,Medium,1246.34,61322.137507053565,High Priority,Prioritize fulfillment monitoring,0,53086
8ae8b33f63d9924a2db9ec6c1e98fd35,BA,1.0,1.0,1.0,2111.57,147.57,0.5225765517934916,52.25765517934916,High,2111.57,110345.69694705831,High Priority,Prioritize fulfillment monitoring,1,53335
8ca57f2b32c00588cab243b2115441f5,SE,1.0,1.0,1.0,1480.73,131.73,0.5201368198637017,52.01368198637017,High,1480.73,77018.21932767791,High Priority,Prioritize fulfillment monitoring,0,53972
8dbc85d1447242f3b127dda390d56e19,PB,1.0,1.0,1.0,4681.78,91.78,0.5133537626357979,51.33537626357979,High,4681.78,240340.93788330257,High Priority,Prioritize fulfillment monitoring,0,54353
8de50bbc56062ea401a2c61c36f46585,GO,1.0,1.0,1.0,2115.79,86.79,0.5060539472210156,50.60539472210156,High,2115.79,107070.38809907525,High Priority,Prioritize fulfillment monitoring,1,54411
8e39302e6b4d08eec0f5a5ac3274f338,SC,2.0,1.0,1.0,1588.92,74.62,0.5070481392737954,50.70481392737955,High,1588.92,80565.89294549191,High Priority,Prioritize fulfillment monitoring,0,54524
8e6bfb81e283fa7e4f11123a3fb894f1,SC,1.0,1.0,1.0,1333.25,134.25,0.5107731412481364,51.07731412481365,High,1333.25,68098.8290569078,High Priority,Prioritize fulfillment monitoring,0,54587
8ea7aebc18842332aad5f41ca74b334c,RJ,1.0,1.0,1.0,2621.29,32.29,0.5224381589493611,52.243815894936105,High,2621.29,136946.19216723705,High Priority,Prioritize fulfillment monitoring,0,54662
8ee5cab30019132affead27f19959ff2,SP,1.0,1.0,1.0,2564.65,94.15,0.4979837857229817,49.798378572298176,Medium,2564.65,127715.41160544452,High Priority,Prioritize fulfillment monitoring,0,54763
8f0937285bd1bba4cfc8332ee467b490,MA,1.0,1.0,1.0,1680.25,45.25,0.5300701604320848,53.00701604320848,High,1680.25,89065.03870660104,High Priority,Prioritize fulfillment monitoring,1,54832
8f6f263a5e96515d5534199b74cb7748,SP,6.0,1.0,1.0,1603.08,283.68,0.4946886308671161,49.468863086711615,Medium,1603.08,79302.54503704565,High Priority,Prioritize fulfillment monitoring,1,54977
8fe62374fc90eef8870d0beed6ded1ae,SP,1.0,1.0,1.0,1628.07,29.07,0.4932451031048939,49.32451031048939,Medium,1628.07,80303.75550119845,High Priority,Prioritize fulfillment monitoring,0,55160
90674f59a21207f91a7387785c66f340,SP,1.0,1.0,1.0,2225.69,225.71,0.4988545718919684,49.88545718919684,Medium,2225.69,111029.56321142352,High Priority,Prioritize fulfillment monitoring,1,55359
912343626f370ead5ef2e85a9d757e22,MT,6.0,2.0,1.0,3242.84,323.44,0.4909084529001226,49.09084529001226,Medium,3242.84,159193.75674026337,High Priority,Prioritize fulfillment monitoring,0,55640
947ee6ab639791b5711558a7e55cf98e,CE,1.0,1.0,1.0,2223.12,83.13,0.5202267531607176,52.02267531607176,High,2223.12,115652.64994866545,High Priority,Prioritize fulfillment monitoring,0,56884
9492de11af7e69fb0d66b0a3cb33f2b8,SC,1.0,1.0,1.0,1404.41,24.41,0.5059605059209531,50.59605059209531,High,1404.41,71057.59941204458,High Priority,Prioritize fulfillment monitoring,0,56912
94fca82966c05ba707f4e7dc0c50aa3c,MG,1.0,1.0,1.0,3351.35,252.35,0.4961161011381274,49.61161011381274,Medium,3351.35,166265.86955492632,High Priority,Prioritize fulfillment monitoring,0,57077
9508c52fce9468c56973500f75dbad5b,SP,1.0,1.0,1.0,1877.84,61.93,0.4965683999192157,49.65683999192157,Medium,1877.84,93247.60041043001,High Priority,Prioritize fulfillment monitoring,0,57094
952c12cde7094bced1f5b1567d0db972,RS,1.0,1.0,1.0,1437.15,47.15,0.503736312583574,50.3736312583574,High,1437.15,72394.46416294834,High Priority,Prioritize fulfillment monitoring,0,57146
9562a9640c9bea4e43a21cac378d8781,SC,1.0,1.0,1.0,1757.41,60.41,0.5109075046151449,51.09075046151449,High,1757.41,89787.39576857018,High Priority,Prioritize fulfillment monitoring,0,57224
9583044d94d7eef1547cdcefb0c8f611,MG,1.0,1.0,1.0,1444.62,45.12,0.4924041789499623,49.24041789499624,Medium,1444.62,71133.69249946947,High Priority,Prioritize fulfillment monitoring,0,57276
959ceecf84ceaad064c8c99f1970fb53,SP,2.0,1.0,1.0,1517.7,59.7,0.4939790545076964,49.39790545076965,Medium,1517.7,74971.2011026331,High Priority,Prioritize fulfillment monitoring,0,57304
9695692d040abab63df40b68c2905278,CE,3.0,1.0,1.0,1264.17,64.47,0.5139667457922271,51.39667457922271,High,1264.17,64974.13410281598,High Priority,Prioritize fulfillment monitoring,1,57648
970bbf79974ba1ef73cc21ee6fe52cc6,RJ,1.0,1.0,1.0,2024.31,109.73,0.5204240604634456,52.04240604634456,High,2024.31,105349.96298367575,High Priority,Prioritize fulfillment monitoring,0,57850
973acb049a8228a556877e26fb30c06a,TO,1.0,1.0,1.0,1293.26,293.27,0.5133937760931421,51.339377609314205,High,1293.26,66395.1634870217,High Priority,Prioritize fulfillment monitoring,0,57918
98464a5096e400810b94bb93f38924c9,RS,1.0,1.0,1.0,2404.72,104.77,0.5041582824467881,50.415828244678806,High,2404.72,121235.95049654401,High Priority,Prioritize fulfillment monitoring,0,58328
987f3d9ad096993454ef3c2c4d9f7a68,RJ,1.0,1.0,1.0,2033.48,33.49,0.5259894518194407,52.59894518194407,High,2033.48,106958.90304857962,High Priority,Prioritize fulfillment monitoring,0,58418
989b7ba45085e6ea528e597dafb40f99,PE,1.0,1.0,1.0,1350.5,251.5,0.5111461109817715,51.11461109817716,High,1350.5,69030.28228808824,High Priority,Prioritize fulfillment monitoring,0,58460
9a3966c23190dbdbaabed08e8429c006,PA,1.0,1.0,1.0,4042.74,62.74,0.5123915277233282,51.239152772332815,High,4042.74,207146.57247882074,High Priority,Prioritize fulfillment monitoring,0,59048
9a817712555d1bbd18414531f1211275,MG,1.0,1.0,1.0,1348.66,149.66,0.4982827419874381,49.82827419874381,Medium,1348.66,67201.40028087783,High Priority,Prioritize fulfillment monitoring,0,59149
9aec4e1ae90b23c7bf2d2b3bfafbd943,SP,10.0,2.0,1.0,2234.66,354.76,0.4822192814507895,48.22192814507896,Medium,2234.66,107759.61394868215,High Priority,Prioritize fulfillment monitoring,0,59309
9b961b894e797f63622137ff7eb1c1af,MG,1.0,1.0,1.0,1255.71,148.71,0.4982827419874381,49.82827419874381,Medium,1255.71,62569.86219410459,High Priority,Prioritize fulfillment monitoring,0,59578
9de73f3e6157169ad6c32b9f313c7dcb,SP,1.0,1.0,1.0,4034.44,135.44,0.4978257110691831,49.78257110691831,Medium,4034.44,200844.79617659553,High Priority,Prioritize fulfillment monitoring,0,60503
9f1dcbf0e12d0df2ee7611bb738a9106,AL,1.0,1.0,1.0,1650.56,53.21,0.5299413900986413,52.99413900986413,High,1650.56,87470.00608412133,High Priority,Prioritize fulfillment monitoring,0,60999
9f35328dc92b28c67517b812818dc6a8,PE,1.0,1.0,1.0,1243.62,262.72,0.5123698219937279,51.2369821993728,High,1243.62,63719.33580278399,High Priority,Prioritize fulfillment monitoring,0,61030
9f49bd16053df810384e793386312674,SP,1.0,1.0,1.0,1488.59,339.59,0.4954296348706297,49.54296348706298,Medium,1488.59,73749.16001720708,High Priority,Prioritize fulfillment monitoring,0,61062
9f5054bd9a3c71702aa0917a7da29193,RS,10.0,2.0,2.0,1866.7,347.24,0.453831741988802,45.3831741988802,Medium,1866.7,84716.77127704967,High Priority,Prioritize fulfillment monitoring,0,61070
9f5abaa01d419a15e448f089b1cf4b94,SP,1.0,1.0,1.0,2467.33,68.33,0.4976961792267761,49.76961792267761,Medium,2467.33,122798.07138916015,High Priority,Prioritize fulfillment monitoring,0,61085
a0d4f93076122f91ae6403813fa2744a,RJ,1.0,1.0,1.0,1411.13,52.13,0.5212617262080044,52.12617262080044,High,1411.13,73556.80597039012,High Priority,Prioritize fulfillment monitoring,0,61642
a123264c1f8bef4f19be2d4245017920,ES,1.0,1.0,1.0,1798.01,98.02,0.5241051789808313,52.41051789808313,High,1798.01,94234.63528593244,High Priority,Prioritize fulfillment monitoring,0,61787
a13562e9c4b0eb8e6ae0946073b213f8,DF,2.0,2.0,2.0,1643.04,57.21,0.4531192939989632,45.31192939989632,Medium,1643.04,74449.31248120565,High Priority,Prioritize fulfillment monitoring,0,61816
a1a11a4a2c9a4745ef09bc18e053b51a,SP,1.0,1.0,1.0,1430.91,53.41,0.497274209363562,49.7274209363562,Medium,1430.91,71155.46389204144,High Priority,Prioritize fulfillment monitoring,0,61975
a1df9e94edfa8f6ac4cbd9b377899672,MG,1.0,1.0,1.0,1499.87,109.87,0.4982827419874381,49.82827419874381,Medium,1499.87,74735.93362246988,High Priority,Prioritize fulfillment monitoring,0,62072
a1e313e06320d5c725c2ba02d0cf5be2,SP,1.0,1.0,1.0,2322.32,64.32,0.4976961792267761,49.76961792267761,Medium,2322.32,115580.97909419268,High Priority,Prioritize fulfillment monitoring,0,62078
a23f4025d60af6199b5eb5631b070e7f,BA,3.0,1.0,1.0,1894.41,97.41,0.5183361038967457,51.83361038967457,High,1894.41,98194.1098583034,High Priority,Prioritize fulfillment monitoring,0,62212
a412fcc423174e5405df95cc482dba6a,SP,1.0,1.0,1.0,1812.33,72.33,0.4976961792267761,49.76961792267761,Medium,1812.33,90198.9716498063,High Priority,Prioritize fulfillment monitoring,0,62927
a53e05ecd2ed1f46a2b8e1f5828be7c6,MG,1.0,1.0,1.0,3826.8,136.8,0.4971397960773975,49.71397960773975,Medium,3826.8,190245.4571628985,High Priority,Prioritize fulfillment monitoring,0,63377
a5705c0ba22fcdfeeeaf4b2ae485b791,SC,1.0,1.0,1.0,1328.08,130.18,0.5107731412481364,51.07731412481365,High,1328.08,67834.7593428825,High Priority,Prioritize fulfillment monitoring,0,63462
a59f95cd4c82c338e8ec01fd9af753f1,BA,1.0,1.0,1.0,1349.16,49.17,0.5222954466944496,52.22954466944496,High,1349.16,70466.01248622837,High Priority,Prioritize fulfillment monitoring,0,63533
a5d11ae16578088b0fcd76de30368bdb,MG,1.0,1.0,1.0,2590.61,157.01,0.4987047118506522,49.87047118506523,Medium,2590.61,129194.94135674184,High Priority,Prioritize fulfillment monitoring,1,63618
a5f564e5fffa9a534cd9ffe566e48154,RS,1.0,1.0,1.0,2096.14,99.14,0.5041582824467881,50.415828244678806,High,2096.14,105678.63421680103,High Priority,Prioritize fulfillment monitoring,0,63676
a77e1550db865202c56b19ddc6dc4d53,PI,1.0,1.0,1.0,1388.68,409.68,0.5201251228692996,52.01251228692996,High,1388.68,72228.7355626139,High Priority,Prioritize fulfillment monitoring,0,64304
a863fef6caa86aa29cabfbf7e0b6f911,SP,1.0,1.0,1.0,2323.25,24.25,0.4958958015681203,49.58958015681203,Medium,2323.25,115208.99209931356,High Priority,Prioritize fulfillment monitoring,0,64647
a8c02875c8391d968525088da5fce5a6,MS,1.0,1.0,1.0,1626.65,126.65,0.512814272425892,51.2814272425892,High,1626.65,83416.93362415773,High Priority,Prioritize fulfillment monitoring,0,64785
a8f5ea0830ac9ffd1d2864434bcddb70,SP,2.0,2.0,2.0,2075.48,157.68,0.4467723113236079,44.67723113236079,Medium,2075.48,92726.69967059216,High Priority,Prioritize fulfillment monitoring,0,64867
a91e629d7c60ee83c467d41250528cc5,GO,1.0,1.0,1.0,1654.46,30.56,0.505996057993504,50.5996057993504,High,1654.46,83715.02381079327,High Priority,Prioritize fulfillment monitoring,0,64938
a96610ab360d42a2e5335a3998b4718a,RJ,1.0,1.0,1.0,4950.34,151.34,0.5227257654455667,52.27257654455667,High,4950.34,258767.02657158067,High Priority,Prioritize fulfillment monitoring,0,65046
a9957adf297a6be5e8625b3e93329c6d,SP,1.0,1.0,1.0,1438.23,18.23,0.4967276079151322,49.67276079151322,Medium,1438.23,71440.85475317806,High Priority,Prioritize fulfillment monitoring,0,65124
a997ce452b12e113ccd903fd9323d382,RJ,1.0,1.0,1.0,1222.94,177.94,0.52154933270421,52.154933270421,High,1222.94,63782.35409372866,High Priority,Prioritize fulfillment monitoring,0,65126
a99f93323678f28e79a48b368cbbabd1,RJ,1.0,1.0,1.0,2152.92,42.92,0.5241375939319052,52.41375939319052,High,2152.92,112842.63087278773,High Priority,Prioritize fulfillment monitoring,0,65136
a9c8ac0c26c178f0ad33618f96225a01,PR,5.0,1.0,1.0,1950.2,155.2,0.4924975870546326,49.24975870546326,Medium,1950.2,96046.87942739445,High Priority,Prioritize fulfillment monitoring,0,65202
a9d5a5f1ce00ef0a80bd1f6e66b291a2,PA,1.0,1.0,1.0,1476.8,150.8,0.5122571643563197,51.22571643563197,High,1476.8,75650.1380321413,High Priority,Prioritize fulfillment monitoring,0,65225
aa30ff809084eca858cb3f57857c1ba9,PR,2.0,1.0,1.0,1541.7,41.9,0.4905997785529708,49.059977855297085,Medium,1541.7,75635.76785951151,High Priority,Prioritize fulfillment monitoring,0,65371
ab13cb6c13063f2603a94c9ddca34f66,MT,1.0,1.0,1.0,1724.04,125.04,0.5073114121166362,50.73114121166362,High,1724.04,87462.51669455654,High Priority,Prioritize fulfillment monitoring,0,65713
ab14fdcfbe524636d65ee38360e22ce8,GO,20.0,1.0,1.0,2262.8,288.8,0.5024496632698621,50.24496632698621,High,2262.8,113694.3098047044,,Routine monitoring,0,65715
ab2e18197d676ace96bcaab0aeb2a820,MA,1.0,1.0,1.0,1172.26,50.26,0.5304737590453917,53.04737590453917,High,1172.26,62185.31687785509,High Priority,Prioritize fulfillment monitoring,0,65757
ab4354630db26a599455989a1091e50f,SP,1.0,1.0,1.0,1930.34,31.34,0.4976961792267761,49.76961792267761,Medium,1930.34,96072.28426086149,High Priority,Prioritize fulfillment monitoring,0,65791
abb3b065b8888558edf20e815f816662,SP,1.0,1.0,1.0,1775.26,25.27,0.4976961792267761,49.76961792267761,Medium,1775.26,88354.01191341266,High Priority,Prioritize fulfillment monitoring,1,65947
abb71d0110c4be1a1a0c52f929cab4a3,MG,1.0,1.0,1.0,2838.22,38.57,0.4945709104184921,49.45709104184922,Medium,2838.22,140370.1049367973,High Priority,Prioritize fulfillment monitoring,0,65954
abcbd7d5a339a1f5f553ba84b4d9cc69,RJ,1.0,1.0,1.0,1322.97,23.97,0.524713024775563,52.4713024775563,High,1322.97,69417.95903873266,High Priority,Prioritize fulfillment monitoring,0,65992
ac68ca3267acd54af9b04f0b8f63b7e1,RS,1.0,1.0,1.0,1490.53,41.53,0.503736312583574,50.3736312583574,High,1490.53,75083.40859951945,High Priority,Prioritize fulfillment monitoring,0,66223
acf01c9262ddb5d9adae8daa34e31568,MG,1.0,1.0,1.0,2416.0,17.0,0.4972928624839006,49.72928624839007,Medium,2416.0,120145.9555761104,High Priority,Prioritize fulfillment monitoring,0,66426
adc1270afd7fb1ef466f8ee66cab3773,BA,1.0,1.0,1.0,1370.41,47.77,0.5218420909270164,52.18420909270164,High,1370.41,71513.76198272927,High Priority,Prioritize fulfillment monitoring,0,66745
ae5176160fcc23563149dd28b4137b6d,SP,1.0,1.0,1.0,1435.58,15.58,0.4957903550368355,49.57903550368355,Medium,1435.58,71174.67178837802,High Priority,Prioritize fulfillment monitoring,0,66990
ae8b5df90eaf220f63f5ed4865cd222c,RJ,5.0,3.0,2.0,1525.78,158.08,0.4890688263078696,48.90688263078696,Medium,1525.78,74621.14338040212,High Priority,Prioritize fulfillment monitoring,0,67064
afc58387b17fa794fd73b0773a9f6ea7,CE,1.0,1.0,1.0,2734.11,44.11,0.5192343352597555,51.92343352597555,High,2734.11,141964.378837705,High Priority,Prioritize fulfillment monitoring,0,67527
b0742e6cd15cd84cf91b637b0b601d77,SP,1.0,1.0,1.0,1556.7,101.7,0.4975618158597675,49.75618158597676,Medium,1556.7,77455.44787489003,High Priority,Prioritize fulfillment monitoring,0,67806
b0b0d3285e59abf2f6c9d7e1bf761323,MS,1.0,1.0,1.0,3044.12,44.23,0.5142391428159511,51.42391428159511,High,3044.12,156540.5659428893,High Priority,Prioritize fulfillment monitoring,0,67899
b0c22582dcda3aaa9ecd7839d4b2ef99,SP,1.0,1.0,1.0,1645.82,135.82,0.4864218817095949,48.64218817095949,Medium,1645.82,80056.28613552854,High Priority,Prioritize fulfillment monitoring,0,67927
b15c7e972c74684414fb2e659fce916a,SC,3.0,1.0,1.0,3666.42,69.42,0.5057023328585692,50.57023328585692,High,3666.42,185411.71472393154,High Priority,Prioritize fulfillment monitoring,0,68184
b19f37ba4b4c83791c9bead49f965926,RS,1.0,1.0,1.0,1902.55,254.55,0.5053890595577741,50.538905955777416,High,1902.55,96152.79552616432,High Priority,Prioritize fulfillment monitoring,0,68292
b239ca7cd485940b31882363b52e6674,MG,1.0,1.0,1.0,4163.51,104.51,0.4970507330952866,49.705073309528665,Medium,4163.51,206947.56977495571,High Priority,Prioritize fulfillment monitoring,0,68515
b28360b44929ee4de27af7329c403c58,MS,1.0,1.0,1.0,1342.03,33.03,0.5134621926427266,51.34621926427266,High,1342.03,68908.16663923184,High Priority,Prioritize fulfillment monitoring,0,68644
b2f633218c7a89e314ade77e1486c7b9,SP,1.0,1.0,1.0,2027.23,38.23,0.4976961792267761,49.76961792267761,Medium,2027.23,100894.46254138973,High Priority,Prioritize fulfillment monitoring,0,68820
b30daa3083a4f16474a6976ca25d520f,TO,1.0,1.0,1.0,2094.44,95.44,0.5138157459563563,51.38157459563563,High,2094.44,107615.62509608308,High Priority,Prioritize fulfillment monitoring,0,68856
b4b1ec9a9f24d8db544120456a3a2f12,BA,1.0,1.0,1.0,2304.68,46.68,0.5222640607902306,52.22640607902306,High,2304.68,120365.15356220285,High Priority,Prioritize fulfillment monitoring,0,69507
b4c4b76c642808cbe472a32b86cddc95,GO,2.0,1.0,1.0,4809.44,209.54,0.5025075524973737,50.25075524973737,High,4809.44,241677.99232829685,High Priority,Prioritize fulfillment monitoring,0,69531
b5b103fe531168050d785d5b8de74174,RS,1.0,1.0,1.0,2217.99,18.0,0.5045548516131388,50.45548516131389,High,2217.99,111909.76153294258,High Priority,Prioritize fulfillment monitoring,0,69904
b5e8d13478ad66ec57d480c9e00abb39,PR,1.0,1.0,1.0,1228.73,59.73,0.496340245173494,49.63402451734941,Medium,1228.73,60986.81494520274,High Priority,Prioritize fulfillment monitoring,0,69983
b62001b38d12c99ffbafa1c609797348,SP,2.0,1.0,1.0,2241.64,41.64,0.4901003902980421,49.01003902980421,Medium,2241.64,109862.86389077031,High Priority,Prioritize fulfillment monitoring,0,70052
b6940503a9b26d72b8b41ae29a88e0d1,MS,1.0,1.0,1.0,2034.31,135.31,0.5145267493121567,51.45267493121567,High,2034.31,104670.69113932134,High Priority,Prioritize fulfillment monitoring,0,70224
b73bbac6285251dbf2dd01842e0ce0de,RJ,2.0,1.0,1.0,1642.54,88.54,0.5177500862710317,51.77500862710317,High,1642.54,85042.52267036204,High Priority,Prioritize fulfillment monitoring,1,70486
b782d486ebb05fdf0ba6ec05652f704f,SP,2.0,1.0,1.0,1837.16,119.16,0.4932127922286685,49.32127922286685,Medium,1837.16,90611.08133708207,High Priority,Prioritize fulfillment monitoring,0,70601
b92aa81f74ab98a2f1a9cc5659f6edcf,RJ,1.0,1.0,1.0,2158.57,48.57,0.5216836960712185,52.168369607121846,High,2158.57,112609.07758284501,High Priority,Prioritize fulfillment monitoring,0,71309
b94927b61d86b53506f3e6bc8644eb77,PB,1.0,1.0,1.0,2324.99,124.99,0.5136413691320035,51.36413691320036,High,2324.99,119421.1046818217,High Priority,Prioritize fulfillment monitoring,0,71349
ba30f1c00f0081224a0f5410ee56f335,SP,1.0,1.0,1.0,1520.71,17.78,0.4867693566880977,48.676935668809776,Medium,1520.71,74023.50284091571,High Priority,Prioritize fulfillment monitoring,0,71674
ba4088023bb3056caca3d40810844bf6,MG,1.0,1.0,1.0,1392.37,202.37,0.4982248527599264,49.82248527599265,Medium,1392.37,69371.33382373388,High Priority,Prioritize fulfillment monitoring,0,71702
bb8b0de6aab45a9395bd46092865b6ef,PB,1.0,1.0,1.0,1229.19,29.2,0.5129317927725839,51.2931792772584,High,1229.19,63049.06303581326,High Priority,Prioritize fulfillment monitoring,0,72241
bbc45552d5a935c8786792578b3828b2,RO,1.0,1.0,1.0,1391.39,71.49,0.4931007796438618,49.31007796438618,Medium,1391.39,68609.54937886729,High Priority,Prioritize fulfillment monitoring,0,72326
bc488184689ceaa10ede9045693eb6bc,SE,1.0,1.0,1.0,1729.98,59.98,0.5208259947880752,52.08259947880752,High,1729.98,90101.85544634744,High Priority,Prioritize fulfillment monitoring,1,72539
bd2fef198085db0b586b9c71aa2d35da,SP,1.0,1.0,1.0,3024.08,24.19,0.4965683999192157,49.65683999192157,Medium,3024.08,150166.25668277018,High Priority,Prioritize fulfillment monitoring,0,72865
be382a9e1ed25128148b97d6bfdb21af,RJ,8.0,1.0,1.0,2039.2,479.28,0.5202794623380909,52.02794623380909,High,2039.2,106095.38795998349,High Priority,Prioritize fulfillment monitoring,0,73278
bf205457ee84ab84c423d67b88239982,RJ,1.0,1.0,1.0,2733.63,83.64,0.5243814129754419,52.43814129754419,High,2733.63,143346.47619520573,High Priority,Prioritize fulfillment monitoring,1,73605
bf2df7aa2130e882e1e4f43b2dfe1875,SP,3.0,1.0,1.0,1535.22,95.22,0.4927908223654543,49.27908223654544,Medium,1535.22,75654.2326311893,High Priority,Prioritize fulfillment monitoring,0,73627
bf970de78f9812577f8bc51197b05942,SP,1.0,1.0,1.0,1433.04,83.04,0.497274209363562,49.7274209363562,Medium,1433.04,71261.38329863588,High Priority,Prioritize fulfillment monitoring,0,73780
c03e2d7edc52d3ef8683b7f2e34a55cf,BA,1.0,1.0,1.0,1534.58,84.58,0.5221545819302775,52.21545819302775,High,1534.58,80128.79783385652,High Priority,Prioritize fulfillment monitoring,0,74045
c08dd05931abd8cb08aad3d31e39bfed,RJ,1.0,1.0,1.0,1423.52,23.53,0.5422000835593074,54.22000835593074,High,1423.52,77183.26629483452,High Priority,Prioritize fulfillment monitoring,0,74164
c205abf27ff07fddd3fa9a67037138e5,RJ,1.0,1.0,1.0,2315.83,116.83,0.5202366993523345,52.02366993523345,High,2315.83,120477.97554611167,High Priority,Prioritize fulfillment monitoring,0,74763
c28f3a01d4cfee461234c86a41f52e37,RJ,1.0,1.0,1.0,2574.38,76.38,0.5216836960712185,52.168369607121846,High,2574.38,134301.20734918234,High Priority,Prioritize fulfillment monitoring,0,74986
c2d1ffacb651ff60aad31b4ffdc9ac80,RJ,1.0,1.0,1.0,1214.06,33.11,0.5198147294891203,51.98147294891204,High,1214.06,63108.62704835615,High Priority,Prioritize fulfillment monitoring,0,75071
c52c7fbe316b5b9d549e8a25206b8a1f,GO,9.0,1.0,1.0,1619.73,458.73,0.5025075524973737,50.25075524973737,High,1619.73,81392.6558006571,High Priority,Prioritize fulfillment monitoring,0,75984
c52e91d0960446c0624a5a984188ffba,BA,1.0,1.0,1.0,2035.86,35.87,0.5227174165576637,52.27174165576637,High,2035.86,106417.94796730852,High Priority,Prioritize fulfillment monitoring,1,75989
c6772701a7cff60ffa313b5854c7d503,SP,1.0,1.0,1.0,1478.48,17.49,0.4967276079151322,49.67276079151322,Medium,1478.48,73440.18337503646,High Priority,Prioritize fulfillment monitoring,0,76489
c6a5f1a0e18d1cad856f95794462ecbc,MG,3.0,1.0,1.0,1658.7,18.0,0.4749969857030573,47.49969857030573,Medium,1658.7,78787.75001856612,High Priority,Prioritize fulfillment monitoring,0,76557
c6af04c6a72b5d587a620ad29c41dcad,RS,3.0,1.0,1.0,1714.02,61.02,0.5001642198119195,50.01642198119195,High,1714.02,85729.14760420262,High Priority,Prioritize fulfillment monitoring,1,76574
c7112d33d777ec13eb958ee0dbff02b3,PR,1.0,1.0,1.0,1391.28,92.28,0.4953694845841992,49.53694845841992,Medium,1391.28,68919.76565123047,High Priority,Prioritize fulfillment monitoring,0,76729
c7b0be5584c50efa8a9d95d3eecbece3,SP,1.0,1.0,1.0,1826.07,26.07,0.4965683999192157,49.65683999192157,Medium,1826.07,90676.86580404823,High Priority,Prioritize fulfillment monitoring,0,76988
c811a0a169f6226a82aa3cc2c6229897,GO,1.0,1.0,1.0,1239.94,40.94,0.5045681696701815,50.45681696701815,High,1239.94,62563.425630084486,High Priority,Prioritize fulfillment monitoring,0,77119
c819d9ce6576bb453e886c2e95aa5697,PE,1.0,1.0,1.0,2065.35,66.35,0.5125041853607364,51.25041853607364,High,2065.35,105850.05192347968,High Priority,Prioritize fulfillment monitoring,0,77133
c8536491e6701f9b5382da168ee54048,RJ,1.0,1.0,1.0,2337.4,37.4,0.5216836960712185,52.168369607121846,High,2337.4,121938.3471196866,High Priority,Prioritize fulfillment monitoring,0,77217
c87de2d1aece481642a24bae4b964b07,RS,6.0,1.0,1.0,1949.52,95.52,0.5001642198119195,50.01642198119195,High,1949.52,97508.01498077333,High Priority,Prioritize fulfillment monitoring,0,77284
c9dff4871bed0bc5d4b917767a22d67d,MT,2.0,2.0,2.0,1740.39,89.59,0.4407887664195865,44.07887664195865,Medium,1740.39,76714.43611889842,High Priority,Prioritize fulfillment monitoring,0,77789
cb418bb4b6115438d20b0141ed5bc9e0,SP,2.0,1.0,1.0,3256.14,58.14,0.4943431351433989,49.43431351433989,Medium,3256.14,160965.0456065827,High Priority,Prioritize fulfillment monitoring,0,78323
cb8da41d3686c19bfd7e97b94097e686,RJ,1.0,1.0,1.0,1642.11,32.11,0.5202366993523345,52.02366993523345,High,1642.11,85428.5886373462,High Priority,Prioritize fulfillment monitoring,0,78457
cc28b66895e0f6bfd7050ab5bc7b39bd,MG,1.0,1.0,1.0,1589.57,90.57,0.4975336093545099,49.753360935451,Medium,1589.57,79086.44994216484,High Priority,Prioritize fulfillment monitoring,0,78662
cc427984e779c3d1dd7e082f39a98fc6,PR,2.0,1.0,1.0,1395.76,267.76,0.4905997785529708,49.059977855297085,Medium,1395.76,68475.95469130945,High Priority,Prioritize fulfillment monitoring,0,78703
cc68db472e6aa971b19ecb519fbc486e,PA,1.0,1.0,1.0,1257.96,58.06,0.5110664666462129,51.106646664621294,High,1257.96,64290.11723822701,High Priority,Prioritize fulfillment monitoring,0,78750
cd09c24e7f20280427dd7bf69a9d21db,MG,1.0,1.0,1.0,1342.63,102.63,0.4982827419874381,49.82827419874381,Medium,1342.63,66900.93578745941,High Priority,Prioritize fulfillment monitoring,0,79013
cd6cdd3e527f46113dcab23d5f27c0fe,RJ,2.0,1.0,1.0,1506.68,48.68,0.5158206668542521,51.58206668542521,High,1506.68,77717.66823359646,High Priority,Prioritize fulfillment monitoring,0,79166
ce30373e8d97c7fc959631b6224af95f,BA,1.0,1.0,1.0,1416.41,83.91,0.522815928350988,52.2815928350988,High,1416.41,74052.1709075623,High Priority,Prioritize fulfillment monitoring,0,79447
ce6d150fb29ada17d2082f4847107665,MT,1.0,1.0,1.0,1403.66,104.66,0.506889442253422,50.688944225342205,High,1403.66,71150.04345134384,High Priority,Prioritize fulfillment monitoring,0,79538
cf3c027d09d7b808bb4bd79207ae6df0,MG,1.0,1.0,1.0,1305.51,45.51,0.4960173453603818,49.60173453603818,Medium,1305.51,64755.560454143204,High Priority,Prioritize fulfillment monitoring,0,79911
cf4659487be50c0c317cff3564c4a840,PB,6.0,1.0,1.0,2844.96,1794.96,0.5082530077119939,50.82530077119939,High,2844.96,144595.9476820314,High Priority,Prioritize fulfillment monitoring,0,79925
cf57d12f25beeb760bd30983c67f21cd,PA,1.0,1.0,1.0,2252.66,53.66,0.5123915277233282,51.239152772332815,High,2252.66,115424.38988412323,High Priority,Prioritize fulfillment monitoring,0,79958
cfb601982b3ff65c1821561ec49625bd,SP,1.0,1.0,1.0,2064.88,64.89,0.4976961792267761,49.76961792267761,Medium,2064.88,102768.28865617856,High Priority,Prioritize fulfillment monitoring,1,80118
cfed507ac357129f750f05a0d7d71b15,MA,3.0,1.0,1.0,2091.33,711.33,0.5267601256809806,52.67601256809806,High,2091.33,110162.92536404051,High Priority,Prioritize fulfillment monitoring,1,80199
cff46468993417e62aaa9555e5b06195,SP,1.0,1.0,1.0,2055.84,141.26,0.4965683999192157,49.65683999192157,Medium,2055.84,102086.51792899205,High Priority,Prioritize fulfillment monitoring,1,80208
d0bce34c31d4494a153aa82c468152c4,SP,1.0,1.0,1.0,2681.29,32.29,0.4968089006492202,49.68089006492202,Medium,2681.29,133208.87372217476,High Priority,Prioritize fulfillment monitoring,1,80502
d182d98f09b4277c0d58801e991f7757,MG,1.0,1.0,1.0,2627.09,127.1,0.4987047118506522,49.87047118506523,Medium,2627.09,131014.21614557301,High Priority,Prioritize fulfillment monitoring,0,80807
d19772e154f0929b89a1dab65648767b,MA,1.0,1.0,1.0,1643.64,43.65,0.5308957289086059,53.0895728908606,High,1643.64,87260.14558633413,High Priority,Prioritize fulfillment monitoring,0,80847
d2029f1813972cb83dd49c3c27fcd304,RJ,1.0,1.0,1.0,1222.15,22.15,0.5212617262080044,52.12617262080044,High,1222.15,63706.00186851126,High Priority,Prioritize fulfillment monitoring,0,81011
d2f270487125ddc41fd134c4003ad1d7,RJ,2.0,2.0,1.0,4445.5,45.5,0.5036914024141175,50.36914024141175,High,4445.5,223916.01294319594,High Priority,Prioritize fulfillment monitoring,0,81426
d315aaded4fc920d8a98afbc7e9fb8e3,RS,1.0,1.0,1.0,1436.84,192.84,0.5046782559176426,50.46782559176426,High,1436.84,72514.19052327056,High Priority,Prioritize fulfillment monitoring,0,81494
d3e20e12dd625bc8aa36a78636912b0f,MT,2.0,1.0,1.0,2487.24,87.44,0.5030901958202437,50.30901958202437,High,2487.24,125130.60586519429,High Priority,Prioritize fulfillment monitoring,0,81808
d3eea305452cf0bcad06beb48735dbd9,BA,1.0,1.0,1.0,1426.58,36.68,0.522237557466938,52.2237557466938,High,1426.58,74501.36547311844,High Priority,Prioritize fulfillment monitoring,0,81828
d3f66901a6743e15f9311547cc623b91,PE,1.0,1.0,1.0,3792.59,92.59,0.5125041853607364,51.25041853607364,High,3792.59,194371.82483572752,High Priority,Prioritize fulfillment monitoring,0,81840
d3fc45461660252856d603ed31eb4e77,SP,1.0,1.0,1.0,2938.17,39.17,0.4965683999192157,49.65683999192157,Medium,2938.17,145900.2375590642,High Priority,Prioritize fulfillment monitoring,0,81849
d4148052141383039b68bbb6bd525f3b,PA,1.0,1.0,1.0,1245.09,45.09,0.5119695578601141,51.19695578601141,High,1245.09,63744.81767960494,High Priority,Prioritize fulfillment monitoring,1,81889
d49132be94be94057aadb0fdd665943b,RJ,1.0,1.0,1.0,1527.51,127.52,0.52154933270421,52.154933270421,High,1527.51,79667.18211990078,High Priority,Prioritize fulfillment monitoring,1,82090
d54bea5ba90238aa83323565749538a1,RJ,1.0,1.0,1.0,2264.9,154.9,0.5260894561737885,52.60894561737886,High,2264.9,119154.00092880138,High Priority,Prioritize fulfillment monitoring,0,82339
d5f143e9c159a5f1c33f7477c89db770,MG,2.0,2.0,1.0,1426.57,42.57,0.4835032008073007,48.35032008073007,Medium,1426.57,68975.1161175671,High Priority,Prioritize fulfillment monitoring,1,82581
d72653b199232133a82a28e6e340133c,PA,1.0,1.0,1.0,1570.21,70.56,0.5119796153313785,51.19796153313785,High,1570.21,80391.55117894839,High Priority,Prioritize fulfillment monitoring,0,83026
d7a2c0c1ff66b314f3bf166fb4157fd4,PE,1.0,1.0,1.0,3184.55,194.55,0.512791791856942,51.27917918569421,High,3184.55,163301.1100758025,High Priority,Prioritize fulfillment monitoring,1,83228
d8c3814df9c4a328159b280e60a59486,MG,1.0,1.0,1.0,1728.81,38.81,0.4942967249759612,49.42967249759612,Medium,1728.81,85454.51211056915,High Priority,Prioritize fulfillment monitoring,0,83641
d9374184c685550085112ae190d8f9c0,BA,1.0,1.0,1.0,2036.86,36.87,0.5343426474860916,53.43426474860916,High,2036.86,108838.11649585205,High Priority,Prioritize fulfillment monitoring,1,83814
d9956b0805e324db3f2a546ef216c10b,RJ,1.0,1.0,1.0,3126.5,126.51,0.5219713025674241,52.197130256742405,High,3126.5,163194.32774770513,High Priority,Prioritize fulfillment monitoring,0,83940
da81fbc27b55e0f3d2813cf2078dc780,RJ,1.0,1.0,1.0,1755.35,56.35,0.5237164521199662,52.37164521199662,High,1755.35,91930.56742287826,High Priority,Prioritize fulfillment monitoring,1,84298
da85428cfb68160e03c36d5555452e04,RS,1.0,1.0,1.0,1672.08,114.08,0.5053890595577741,50.538905955777416,High,1672.08,84505.0938705363,High Priority,Prioritize fulfillment monitoring,0,84301
da8be3bb62e9bf01e2e1a3bfd74ebd1a,RJ,1.0,1.0,1.0,2751.24,61.24,0.5216836960712185,52.168369607121846,High,2751.24,143527.70519789789,High Priority,Prioritize fulfillment monitoring,1,84312
dabc3532f4548867a4095bb24ad1f66e,RJ,1.0,1.0,1.0,1555.23,55.24,0.5215218523382285,52.15218523382285,High,1555.23,81108.64304119832,High Priority,Prioritize fulfillment monitoring,0,84376
db18c3a700202016c801626db03e7131,RJ,1.0,1.0,1.0,1250.42,50.43,0.5238214499937563,52.38214499937563,High,1250.42,65499.681750119285,High Priority,Prioritize fulfillment monitoring,0,84514
db42486c4007faaa99084c4d950d6163,GO,1.0,1.0,1.0,2220.32,50.32,0.504673320528671,50.4673320528671,High,2220.32,112053.62670362189,High Priority,Prioritize fulfillment monitoring,0,84578
db8dae6558474743510d1f434b6bae14,PR,1.0,1.0,1.0,1867.85,68.85,0.4957914544474134,49.57914544474134,Medium,1867.85,92606.40681896011,High Priority,Prioritize fulfillment monitoring,0,84708
dbbbc904081f8e928028432e2e3d7686,RJ,1.0,1.0,1.0,1400.74,100.75,0.52154933270421,52.154933270421,High,1400.74,73055.5012292095,High Priority,Prioritize fulfillment monitoring,0,84786
dc03cba6a1d6cf5c28d1fde5dab9a0bd,RJ,1.0,1.0,1.0,2034.48,34.49,0.5202366993523345,52.02366993523345,High,2034.48,105841.11600983376,High Priority,Prioritize fulfillment monitoring,1,84902
dc3d2c21652c9d91fa3b1f74a3a68ae3,SP,1.0,1.0,1.0,1966.91,17.01,0.4970334624929527,49.70334624929528,Medium,1966.91,97762.00877120138,High Priority,Prioritize fulfillment monitoring,0,85005
dd4d3cf66aa23e931c9af921516324e4,RJ,1.0,1.0,1.0,1318.06,18.41,0.545281142633554,54.5281142633554,High,1318.06,71871.32628595822,High Priority,Prioritize fulfillment monitoring,0,85414
dd6d0f11a9c3d2abdc91e95b9598b332,BA,1.0,1.0,1.0,1692.05,93.05,0.5227174165576637,52.27174165576637,High,1692.05,88446.40046863948,High Priority,Prioritize fulfillment monitoring,0,85457
dd8f044a145ebf7152fc8a718cbd3412,MG,5.0,2.0,1.0,1659.85,333.35,0.4832847107829858,48.32847107829858,Medium,1659.85,80218.01271931389,High Priority,Prioritize fulfillment monitoring,0,85507
de0d8b8e774b3211e7e001d3e5985470,DF,1.0,1.0,1.0,2828.42,129.42,0.5006297892899428,50.06297892899428,High,2828.42,141599.130862346,High Priority,Prioritize fulfillment monitoring,0,85701
de951feb6c754b2c61f0ed3c66569f4a,SP,2.0,1.0,1.0,2154.82,174.82,0.4932127922286685,49.32127922286685,Medium,2154.82,106278.47889501795,High Priority,Prioritize fulfillment monitoring,0,85929
dec3b3e24194ce1773deab948916e593,MG,1.0,1.0,1.0,1827.72,51.82,0.497955579217724,49.7955579217724,Medium,1827.72,91012.33712478186,High Priority,Prioritize fulfillment monitoring,0,86008
df85c824523500d4066a0dbdb5d95bed,DF,1.0,1.0,1.0,3602.47,53.47,0.4993013721689987,49.93013721689987,Medium,3602.47,179871.82141976527,High Priority,Prioritize fulfillment monitoring,0,86295
e130d3f737127ae52681b9338aea9b64,SP,3.0,1.0,1.0,2467.17,97.17,0.4946886308671161,49.468863086711615,Medium,2467.17,122048.0949416423,High Priority,Prioritize fulfillment monitoring,0,86917
e13c7d85f07a4e00c383115a154dcc39,SP,2.0,2.0,1.0,2207.98,28.98,0.4824203113909089,48.2420311390909,Medium,2207.98,106517.43991448992,High Priority,Prioritize fulfillment monitoring,0,86944
e1bc33c09440b7c1e0189f4653fb6bd0,RJ,1.0,1.0,1.0,1504.61,55.61,0.5214490873191154,52.14490873191154,High,1504.61,78457.75112712142,High Priority,Prioritize fulfillment monitoring,0,87141
e21a007c09bc0fffafa1ab3ca7a65a26,BA,1.0,1.0,1.0,1629.33,31.98,0.5225765517934916,52.25765517934916,High,1629.33,85144.96531336896,High Priority,Prioritize fulfillment monitoring,0,87302
e2c195168dcfb7f5465c1b342ac094ee,MS,1.0,1.0,1.0,1605.14,115.14,0.512814272425892,51.2814272425892,High,1605.14,82313.87012416964,High Priority,Prioritize fulfillment monitoring,0,87557
e332eda82fe7ca4e86daf4f71ca785df,SP,7.0,1.0,1.0,1638.35,308.35,0.4932127922286685,49.32127922286685,Medium,1638.35,80805.5178147839,High Priority,Prioritize fulfillment monitoring,0,87741
e41e5861711a10524b80a63d022ae776,MS,1.0,1.0,1.0,1180.51,41.51,0.5138171729527371,51.38171729527371,High,1180.51,60656.63108424356,High Priority,Prioritize fulfillment monitoring,0,88108
e44944b056633f6f1e86a77eed6a13dd,MS,1.0,1.0,1.0,1293.27,43.27,0.5172286881842498,51.722868818424985,High,1293.27,66891.63455680448,High Priority,Prioritize fulfillment monitoring,0,88170
e44e7464ba4c5118eda918839e5dc20d,MG,1.0,1.0,1.0,1804.05,156.05,0.4987047118506522,49.87047118506523,Medium,1804.05,89968.82354141692,High Priority,Prioritize fulfillment monitoring,1,88177
e4992b3b826ff19edba39e9a4d9dae26,RO,1.0,1.0,1.0,1500.19,70.29,0.4936614707465386,49.36614707465387,Medium,1500.19,74058.600179925,High Priority,Prioritize fulfillment monitoring,0,88287
e6ba7ef3fa398a176291132b06cd519e,RS,1.0,1.0,1.0,2023.0,24.0,0.5051014530615686,50.51014530615687,High,2023.0,102182.02395435535,High Priority,Prioritize fulfillment monitoring,0,89039
e7ab20977cf6ea5cc4a63b3ecf897dd3,SP,1.0,1.0,1.0,1511.86,22.86,0.497274209363562,49.7274209363562,Medium,1511.86,75180.89861683948,High Priority,Prioritize fulfillment monitoring,1,89381
e81fbdf6c9bbdc3b6a9cd243b617e576,MA,1.0,1.0,1.0,2338.48,139.48,0.5311833354048116,53.11833354048115,High,2338.48,124216.16061774436,High Priority,Prioritize fulfillment monitoring,1,89538
e85c92ee6a3ba1ef47e41c23286314d9,DF,1.0,1.0,1.0,3736.22,36.23,0.5003421827937372,50.03421827937372,High,3736.22,186938.84701976166,High Priority,Prioritize fulfillment monitoring,0,89625
e8e6d889f4d8a89fdcae9bdd473117d7,SC,3.0,1.0,1.0,2480.58,383.64,0.5061216715680591,50.61216715680591,High,2480.58,125547.5296058296,High Priority,Prioritize fulfillment monitoring,0,89808
e8fa22c3673b1dd17ea315021b1f0f61,RJ,10.0,1.0,1.0,3018.6,168.7,0.5203066518195097,52.03066518195097,High,3018.6,157059.7659182372,High Priority,Prioritize fulfillment monitoring,0,89829
e94908d1c33f4561463c8d27e8b9c914,DF,1.0,1.0,1.0,1493.45,143.45,0.5002078194267287,50.02078194267286,High,1493.45,74703.5367922848,High Priority,Prioritize fulfillment monitoring,0,89957
ea7835f19dc6af291955d6e270d443f4,PE,1.0,1.0,1.0,2066.34,77.34,0.5120095465226081,51.20095465226081,High,2066.34,105798.58063615262,High Priority,Prioritize fulfillment monitoring,0,90416
eadf1db71815b513cf62a49e9c6416fe,PA,1.0,1.0,1.0,1241.19,41.29,0.5119695578601141,51.19695578601141,High,1241.19,63545.149552039504,High Priority,Prioritize fulfillment monitoring,0,90563
ec26c1491fdcbe838088423209459e36,SP,1.0,1.0,1.0,1830.9,40.9,0.4976961792267761,49.76961792267761,Medium,1830.9,91123.19345463044,High Priority,Prioritize fulfillment monitoring,1,91062
ec9fb5672156edeac876e628a92456c0,ES,1.0,1.0,1.0,1814.29,38.51,0.5159523657305748,51.59523657305748,High,1814.29,93608.72176213245,High Priority,Prioritize fulfillment monitoring,1,91242
eea28d6b80e09bfb00dc1f0640d2de47,SP,1.0,1.0,1.0,2512.53,174.45,0.4938669050100744,49.38669050100744,Medium,2512.53,124085.54148449624,High Priority,Prioritize fulfillment monitoring,0,92000
ef8c51f3610d990552701e064e71291f,SP,1.0,1.0,1.0,2028.75,29.75,0.4965683999192157,49.65683999192157,Medium,2028.75,100741.3141336109,High Priority,Prioritize fulfillment monitoring,0,92366
efe2bd0e4d25b933231492f36a6e1847,RJ,1.0,1.0,1.0,1394.77,44.77,0.5212617262080044,52.12617262080044,High,1394.77,72704.02178631382,High Priority,Prioritize fulfillment monitoring,1,92492
f057c0b69a9b64e8579f7873e9d04cd3,RJ,1.0,1.0,1.0,1247.96,48.01,0.4972337325350872,49.723373253508726,Medium,1247.96,62052.78088544875,High Priority,Prioritize fulfillment monitoring,0,92646
f0a2783007ba2c431132d38c7642d5c9,RS,1.0,1.0,1.0,2360.42,250.42,0.5041582824467881,50.415828244678806,High,2360.42,119002.52930530475,High Priority,Prioritize fulfillment monitoring,0,92762
f0c00b0c02ed4f14f20fad7c26002b9c,SP,2.0,1.0,1.0,1736.3,216.3,0.4914547001335487,49.14547001335487,Medium,1736.3,85331.27958418806,High Priority,Prioritize fulfillment monitoring,0,92804
f0da489592c62097d0034f139386cb32,BA,1.0,1.0,1.0,3009.53,58.53,0.5416696568262543,54.16696568262543,High,3009.53,163017.1082308317,High Priority,Prioritize fulfillment monitoring,0,92837
f2e689a11a0a962aa271e7715b516ee2,CE,2.0,2.0,2.0,1768.4,198.6,0.4711446084083739,47.11446084083739,Medium,1768.4,83317.21255093685,High Priority,Prioritize fulfillment monitoring,0,93630
f398a143c0fe171d965db2096cf064cf,RS,1.0,1.0,1.0,3297.4,173.4,0.5050251880156084,50.50251880156084,High,3297.4,166527.0054962667,High Priority,Prioritize fulfillment monitoring,0,93886
f3de0893c636179ae92136f971523452,SP,1.0,1.0,1.0,1841.11,42.11,0.4976961792267761,49.76961792267761,Medium,1841.11,91631.34125362097,High Priority,Prioritize fulfillment monitoring,1,93999
f40432ad717d2f328101784226c8af17,SP,1.0,1.0,1.0,1556.67,96.67,0.4975618158597675,49.75618158597676,Medium,1556.67,77453.95518944245,High Priority,Prioritize fulfillment monitoring,0,94059
f489949dbe23cf9313deb342913ece0c,RS,1.0,1.0,1.0,1436.46,76.44,0.5033724410414082,50.33724410414082,High,1436.46,72307.43766583412,High Priority,Prioritize fulfillment monitoring,0,94243
f5136e38d1a14a4dbd87dff67da82701,SP,1.0,1.0,1.0,6726.66,227.66,0.4965683999192157,49.65683999192157,Medium,6726.66,334024.67930005916,High Priority,Prioritize fulfillment monitoring,0,94439
f5eb2c9c8751b09f7637a10a9c40aef2,RO,1.0,1.0,1.0,1279.1,114.2,0.4939490772427443,49.394907724274425,Medium,1279.1,63181.02647011941,High Priority,Prioritize fulfillment monitoring,0,94755
f67dfbaeb6d5c6188f0aa52aa1634a7e,RJ,1.0,1.0,1.0,2168.6,48.21,0.5216836960712185,52.168369607121846,High,2168.6,113132.32633000443,High Priority,Prioritize fulfillment monitoring,0,94958
f73de6a34a3027ae82efac7a6bb5318d,BA,1.0,1.0,1.0,1244.74,164.84,0.5221545819302775,52.21545819302775,High,1244.74,64994.66943118936,High Priority,Prioritize fulfillment monitoring,1,95288
f78e5e459e3829bbc1bf472f4eb8eb35,PI,3.0,1.0,1.0,1205.79,156.09,0.5164857597528016,51.64857597528017,High,1205.79,62277.33642523307,High Priority,Prioritize fulfillment monitoring,0,95395
f7a8fae2d2d1ed95f1413db630a42dbe,SE,1.0,1.0,1.0,1242.54,87.54,0.5196421810255735,51.96421810255735,High,1242.54,64567.61956115161,High Priority,Prioritize fulfillment monitoring,0,95445
f7b13a5afd48ca5bcf589a25d5377b00,MG,1.0,1.0,1.0,2404.72,104.77,0.4987047118506522,49.87047118506523,Medium,2404.72,119924.51946815004,High Priority,Prioritize fulfillment monitoring,0,95455
f80549a97eb203e1566e026ab66f045b,SP,10.0,1.0,1.0,1767.1,388.1,0.4932127922286685,49.32127922286685,Medium,1767.1,87155.632514728,High Priority,Prioritize fulfillment monitoring,0,95564
f80896ddec0878ff2475719a8784d53c,RN,1.0,1.0,1.0,1789.02,39.02,0.5079364425976443,50.79364425976443,High,1789.02,90870.84545360376,High Priority,Prioritize fulfillment monitoring,0,95568
f91234b89ca8c758b3d2be234acb0355,CE,6.0,1.0,1.0,1191.48,177.48,0.5153072230240765,51.53072230240765,High,1191.48,61397.82500887267,High Priority,Prioritize fulfillment monitoring,0,95964
f92947b16fe446ea59a6d3de2cd7b819,CE,1.0,1.0,1.0,1891.63,101.63,0.5192343352597555,51.92343352597555,High,1891.63,98219.92456074113,High Priority,Prioritize fulfillment monitoring,0,95995
f92b34d1e66d16dfe85adfbf914dee86,RJ,1.0,1.0,1.0,1859.1,159.11,0.5364190321357765,53.64190321357765,High,1859.1,99725.6622643622,High Priority,Prioritize fulfillment monitoring,1,95998
fa28c489b6e2a232b8d4512a06ac44f0,PR,1.0,1.0,1.0,1284.78,94.78,0.4956570910804048,49.56570910804049,Medium,1284.78,63681.03174782825,High Priority,Prioritize fulfillment monitoring,0,96393
fa752aebeda0a3f9a2626bc507550c3f,GO,2.0,1.0,1.0,2267.28,69.28,0.5021203374208287,50.21203374208287,High,2267.28,113844.73986274967,High Priority,Prioritize fulfillment monitoring,0,96526
fb441bffe443e71cb16477c4743591e8,SP,1.0,1.0,1.0,2626.07,26.07,0.4963326176495793,49.63326176495793,Medium,2626.07,130340.41972310307,High Priority,Prioritize fulfillment monitoring,0,96837
fbc8e8d5591dc594ede3b88033625bd0,RJ,1.0,1.0,1.0,2022.33,22.34,0.5238342796937014,52.38342796937015,High,2022.33,105936.57788529634,High Priority,Prioritize fulfillment monitoring,0,97039
fce62b229aadb876d9be47556c0694ed,SP,2.0,1.0,1.0,1534.98,55.0,0.4927908223654543,49.27908223654544,Medium,1534.98,75642.40565145253,High Priority,Prioritize fulfillment monitoring,0,97477
fdca429f65581d898afc2df41740f716,RJ,1.0,1.0,1.0,1623.94,24.94,0.5216836960712185,52.168369607121846,High,1623.94,84718.30213978945,High Priority,Prioritize fulfillment monitoring,1,97833
fe579bd413f722e51bc98182441e135c,RS,1.0,1.0,1.0,1980.71,102.38,0.5053890595577741,50.538905955777416,High,1980.71,100102.91641566789,High Priority,Prioritize fulfillment monitoring,0,98047
fe8019fe8dd1f1af8ba5c0ffdb113a74,RJ,1.0,1.0,1.0,2153.35,43.35,0.5216836960712185,52.168369607121846,High,2153.35,112336.75869349582,High Priority,Prioritize fulfillment monitoring,0,98111
fefacc66af859508bf1a7934eab1e97f,ES,1.0,1.0,1.0,6922.21,193.21,0.5159523657305748,51.59523657305748,High,6922.21,357153.0625583842,,Routine monitoring,1,98298
